movie_id;director
19995;James Cameron
285;Gore Verbinski
206647;Sam Mendes
49026;Christopher Nolan
49529;Andrew Stanton
559;Sam Raimi
38757;Byron Howard
99861;Joss Whedon
767;David Yates
209112;Zack Snyder
1452;Bryan Singer
10764;Marc Forster
58;Gore Verbinski
57201;Gore Verbinski
49521;Zack Snyder
2454;Andrew Adamson
24428;Joss Whedon
1865;Rob Marshall
41154;Barry Sonnenfeld
122917;Peter Jackson
1930;Marc Webb
20662;Ridley Scott
57158;Peter Jackson
2268;Chris Weitz
254;Peter Jackson
597;James Cameron
271110;Anthony Russo
44833;Peter Berg
135397;Colin Trevorrow
37724;Sam Mendes
558;Sam Raimi
68721;Shane Black
12155;Tim Burton
36668;Brett Ratner
62211;Dan Scanlon
8373;Michael Bay
91314;Michael Bay
68728;Sam Raimi
102382;Marc Webb
20526;Joseph Kosinski
49013;John Lasseter
44912;Martin Campbell
10193;Lee Unkrich
534;McG
168259;James Wan
72190;Marc Forster
127585;Bryan Singer
54138;J.J. Abrams
81005;Bryan Singer
64682;Baz Luhrmann
9543;Mike Newell
68726;Guillermo del Toro
38356;Michael Bay
217;Steven Spielberg
105864;Peter Sohn
62177;Brenda Chapman
188927;Justin Lin
10681;Andrew Stanton
5174;Brett Ratner
14161;Roland Emmerich
17979;Robert Zemeckis
76757;Lilly Wachowski
258489;David Yates
411;Andrew Adamson
246655;Bryan Singer
155;Christopher Nolan
14160;Pete Docter
15512;Conrad Vernon
1726;Jon Favreau
44826;Martin Scorsese
8487;Barry Sonnenfeld
1735;Rob Cohen
297761;David Ayer
2698;Tom Shadyac
137113;Doug Liman
9804;Kevin Reynolds
14869;Stephen Sommers
150540;Pete Docter
278927;Jon Favreau
10138;Jon Favreau
58595;Rupert Sanders
102651;Robert Stromberg
119450;Matt Reeves
79698;Roland Joffé
64686;Carl Rinsch
100402;Anthony Russo
10192;Mike Mitchell
158852;Brad Bird
177572;Chris Williams
82690;Rich Moore
5255;Robert Zemeckis
47933;Roland Emmerich
10191;Chris Sanders
296;Jonathan Mostow
118340;James Gunn
157336;Christopher Nolan
27205;Christopher Nolan
315011;Hideaki Anno
49051;Peter Jackson
9799;Rob Cohen
4922;David Fincher
49538;Matthew Vaughn
131634;Francis Lawrence
27022;Jon Turteltaub
503;Wolfgang Petersen
241259;James Bobin
810;Chris Miller
68735;Duncan Jones
87101;Alan Taylor
10140;Michael Apted
676;Michael Bay
1858;Michael Bay
1966;Oliver Stone
675;David Yates
674;Mike Newell
8960;Peter Berg
6479;Francis Lawrence
118;Tim Burton
2062;Jan Pinkava
272;Christopher Nolan
10527;Eric Darnell
18360;Shawn Levy
2080;Gavin Hood
605;Lilly Wachowski
109445;Chris Buck
604;Lilly Wachowski
76338;Alan Taylor
76341;George Miller
13448;Ron Howard
10195;Kenneth Branagh
13053;Chris Williams
19585;Hoyt Yeatman
57165;Jonathan Liebesman
62213;Tim Burton
177677;Christopher McQuarrie
7978;Joe Johnston
5559;Steve Hickner
49444;Jennifer Yuh Nelson
10196;M. Night Shyamalan
956;J.J. Abrams
117251;Roland Emmerich
50321;Simon Wells
11619;David Bowers
266647;Joe Wright
82703;Rob Minkoff
652;Wolfgang Petersen
80321;Conrad Vernon
36669;Lee Tamahori
43074;Paul Feig
95;Michael Bay
608;Barry Sonnenfeld
2310;Robert Zemeckis
140300;Jennifer Yuh Nelson
56292;Brad Bird
81188;Peter Ramsey
7552;Dean Parisot
616;Edward Zwick
147441;Ridley Scott
13475;J.J. Abrams
557;Sam Raimi
82702;Dean DeBlois
205584;Alex Proyas
10048;Rob Cohen
13183;Zack Snyder
944;Richard Donner
1927;Ang Lee
72559;Jon M. Chu
7364;Breck Eisner
2114;Hironobu Sakaguchi
1771;Joe Johnston
36643;Michael Apted
8619;Peter Weir
50620;Bill Condon
65759;George Miller
1724;Louis Leterrier
267935;Steven Spielberg
281957;Alejandro González Iñárritu
77950;David Soren
44896;Gore Verbinski
270946;Eric Darnell
2503;Paul Greengrass
9502;Mark Osborne
102899;Peyton Reed
101299;Francis Lawrence
228161;Tim Johnson
74;Steven Spielberg
8961;Michael Bay
417859;Chris Miller
27576;Phillip Noyce
86834;Darren Aronofsky
17578;Steven Spielberg
673;Alfonso Cuarón
6972;Baz Luhrmann
82700;M. Night Shyamalan
10567;Ralph Zondag
181533;Shawn Levy
38055;Tom McGrath
671;Chris Columbus
49524;Robert Schwentke
22;Gore Verbinski
131631;Francis Lawrence
591;Ron Howard
172385;Carlos Saldanha
36658;Bryan Singer
51497;Justin Lin
58574;Guy Ritchie
18823;Louis Leterrier
861;Paul Verhoeven
1911;John McTiernan
49040;Tony Gilroy
415;Joel Schumacher
8871;Ron Howard
435;Roland Emmerich
955;John Woo
2133;Wolfgang Petersen
1979;Tim Story
87827;Ang Lee
1250;Mark Steven Johnson
324668;Paul Greengrass
9471;McG
70981;Ridley Scott
10996;Rob Minkoff
68724;Neill Blomkamp
2789;David Twohy
97020;José Padilha
7459;Lilly Wachowski
42888;James L. Brooks
37834;James Mangold
75612;Joseph Kosinski
1895;George Lucas
1894;George Lucas
585;Pete Docter
76170;James Mangold
1893;George Lucas
49519;Chris Sanders
2395;Thomas Langmann
12100;John Woo
290595;Cedric Nicolas-Troyan
98566;Jonathan Liebesman
49047;Alfonso Cuarón
9619;Roger Donaldson
308531;Dave Green
166424;Josh Trank
1593;Shawn Levy
254128;Brad Peyton
714;Roger Spottiswoode
2024;Roland Emmerich
163;Steven Soderbergh
787;Doug Liman
262500;Robert Schwentke
2567;Martin Scorsese
38745;Rob Letterman
40805;Michel Gondry
53182;Noam Murro
41513;Raja Gosnell
13700;Will Finn
262504;Robert Schwentke
39254;Shawn Levy
77931;Raja Gosnell
1639;Jan de Bont
80274;Gavin Hood
1571;Len Wiseman
120;Peter Jackson
10204;Frank Coraci
8489;Michael Mann
10588;Bo Welch
2048;Alex Proyas
1495;Ridley Scott
10137;Rob Minkoff
10198;Ron Clements
286217;Ridley Scott
1635;Michael Bay
24113;Peter Chelsom
9679;Dominic Sena
98;Ridley Scott
180;Steven Spielberg
672;Chris Columbus
36557;Martin Campbell
869;Tim Burton
280;James Cameron
11322;Michael Mann
4982;Ridley Scott
36955;James Cameron
18487;Tony Scott
39451;Paul Weitz
27581;Adam McKay
9268;Chuck Russell
68718;Quentin Tarantino
10545;Gary Trousdale
11688;Mark Dindal
76163;Simon West
2059;Jon Turteltaub
2486;Stefen Fangmeier
16523;Spike Jonze
116711;Chris Wedge
37710;Florian Henckel von Donnersmarck
9946;Peter Hyams
1372;Edward Zwick
106646;Martin Scorsese
414;Joel Schumacher
563;Paul Verhoeven
83542;Tom Tykwer
41216;Zack Snyder
314;Pitof
184315;Brett Ratner
9016;Ron Clements
18162;Brad Silberling
138103;Patrick Hughes
257088;Ericson Core
10214;Lawrence Guterman
205775;Ron Howard
11692;Ron Underwood
22972;Paul Greengrass
227973;Steve Martino
29193;David Mamet
1734;Stephen Sommers
3131;Martin Scorsese
76758;Zhang Yimou
9408;Ash Brannon
9890;Frank Oz
855;Ridley Scott
77953;Jay Roach
18;Luc Besson
37786;Michael Patrick King
10501;Don Michael Paul
57800;Steve Martino
150689;Kenneth Branagh
7980;Peter Jackson
12;Andrew Stanton
122;Peter Jackson
121;Peter Jackson
68737;Sergei Bodrov
1995;Simon West
157353;Wally Pfister
331;Joe Johnston
61791;Rupert Wyatt
8204;Mark Waters
47964;John Moore
10733;John Lee Hancock
9806;Brad Bird
1408;Renny Harlin
32657;Chris Columbus
607;Barry Sonnenfeld
863;John Lasseter
44048;Tony Scott
5175;Brett Ratner
2655;Robert Zemeckis
22794;Phil Lord
8355;Carlos Saldanha
116745;Ben Stiller
4327;McG
1422;Martin Scorsese
10674;Tony Bancroft
7446;Ben Stiller
65754;David Fincher
1572;John McTiernan
10528;Guy Ritchie
271969;Timur Bekmambetov
10865;Gary Trousdale
258509;Walt Becker
2253;Bryan Singer
10661;Dennis Dugan
257344;Chris Columbus
644;Steven Spielberg
10756;Rob Minkoff
686;Robert Zemeckis
9383;Paul Verhoeven
179;Sydney Pollack
76285;Thor Freudenthal
1996;Jan de Bont
291805;Jon M. Chu
10003;Phillip Noyce
1535;Tony Scott
2067;Brian De Palma
46195;Carlos Saldanha
2277;Chris Columbus
10357;Mick Jackson
4477;Alan J. Pakula
8665;Kathryn Bigelow
9387;John Milius
921;Ron Howard
49852;Andrei Konchalovsky
4464;Gary Ross
664;Jan de Bont
8358;Robert Zemeckis
9836;George Miller
2502;Paul Greengrass
9772;Wolfgang Petersen
161;Steven Soderbergh
52451;Paul W.S. Anderson
76492;Genndy Tartakovsky
4523;Kevin Lima
59961;Daniel Espinosa
10481;Kevin Lima
59108;Brett Ratner
1581;Nancy Meyers
9798;Tony Scott
22897;Nancy Meyers
298;Steven Soderbergh
7484;Jill Culton
157350;Neil Burger
853;Jean-Jacques Annaud
10159;Peter Berg
9593;John McTiernan
1904;Rob Marshall
9615;Justin Lin
51052;Barry Cook
297;Martin Brest
9884;Andrew Davis
16858;Bob Fosse
62764;Tarsem Singh
22538;Edgar Wright
9341;Jon Amiel
12107;Peter Segal
9637;Raja Gosnell
49049;Pete Travis
9339;Frank Coraci
16281;George A. Romero
39691;Brad Peyton
8247;Doug Liman
11253;Guillermo del Toro
1949;David Fincher
8452;Roger Spottiswoode
310;Tom Shadyac
27578;Sylvester Stallone
954;Brian De Palma
70160;Gary Ross
45243;Todd Phillips
364;Tim Burton
7518;Karey Kirkpatrick
11544;Chris Sanders
9986;Gary Winick
8656;Mimi Leder
146216;Dean Parisot
9291;Peter Segal
55301;Mike Mitchell
109418;Dennis Dugan
11665;Peter Segal
6964;Nancy Meyers
11324;Martin Scorsese
12193;Seth Gordon
9928;Chris Wedge
754;John Woo
10202;Adam Shankman
4147;Sam Mendes
50546;Dennis Dugan
1701;Simon West
13027;D.J. Caruso
2289;Anthony Minghella
20504;Albert Hughes
9574;Les Mayfield
11618;Jan de Bont
2300;Joe Pytka
12096;Shawn Levy
10200;Scott Derrickson
8834;Richard Donner
228150;David Ayer
6068;Ivan Reitman
41515;Eric Brevig
9023;Kelly Asbury
38317;Frank Coraci
2157;Stephen Hopkins
14462;Jonathan Demme
161795;Henry Jaglom
159824;Genndy Tartakovsky
49948;James Algar
2135;Simon Wells
9822;Ron Underwood
9705;Dominic Sena
1656;Martin Campbell
12159;Vincent Ward
9678;Steven Brill
4442;Terry Gilliam
75;Tim Burton
330770;Lucile Hadzihalilovic
9433;Lee Tamahori
19959;Jonathan Mostow
11973;Roger Donaldson
11228;Rob Cohen
77951;Barry Cook
5491;Roger Christian
10715;Joe Dante
10197;Rob Marshall
9562;Richard Donner
9922;Kevin Costner
9447;George Miller
274854;Breck Eisner
8870;Antony Hoffman
9992;Luc Besson
36970;Jacques Perrin
10077;Peter Hyams
76649;Paul W.S. Anderson
293644;Andrés Couturier
453;Ron Howard
8587;Roger Allers
72545;Brad Peyton
109451;Cody Cameron
9533;Brett Ratner
2023;Joe Johnston
71880;Dennis Dugan
584;John Singleton
309809;Mark Osborne
4858;Oliver Hirschbiegel
17711;Des McAnuff
328111;Chris Renaud
8698;Stephen Norrington
93456;Pierre Coffin
602;Roland Emmerich
330;Steven Spielberg
953;Eric Darnell
9693;Alfonso Cuarón
36657;Bryan Singer
8909;Timur Bekmambetov
9802;Michael Bay
950;Carlos Saldanha
1824;Peter Segal
2976;Adam Shankman
11026;Renny Harlin
332;David Kellogg
75656;Louis Leterrier
38365;Dennis Dugan
594;Steven Spielberg
15189;Thor Freudenthal
11678;Martin Campbell
6538;Mike Nichols
10555;Vicky Jenson
1125;Bill Condon
4551;F. Gary Gray
612;Steven Spielberg
9567;Antoine Fuqua
37821;Robert Luketic
203801;Guy Ritchie
2539;James L. Brooks
9297;Gil Kenan
3172;Barry Levinson
6520;Jerry Zucker
1439;Andy Tennant
37958;Tarsem Singh
2026;Florent-Emilio Siri
7450;Gary Goldman
11375;Ron Shelton
9425;Paul W.S. Anderson
25769;Àlex Pastor
23685;Henry Selick
11866;John Moore
9741;M. Night Shyamalan
211672;Kyle Balda
23629;Zack Snyder
8688;Brian De Palma
10153;Barry Levinson
153518;Fergal Reilly
8676;Andy Tennant
20829;Judd Apatow
4349;Peter Berg
9718;Adam McKay
10808;Steve Carr
197;Mel Gibson
25;Sam Mendes
35;David Silverman
11086;Frank Darabont
10477;Renny Harlin
1997;Jean-Jacques Annaud
6947;M. Night Shyamalan
3050;Betty Thomas
2675;M. Night Shyamalan
809;Andrew Adamson
920;John Lasseter
4806;Garry Marshall
7451;Rob Cohen
228165;Paul Tibbitt
3595;Ron Howard
16869;Quentin Tarantino
879;Steven Spielberg
1573;Renny Harlin
9257;Clark Johnson
1903;Cameron Crowe
9697;M. Night Shyamalan
395;Paul W.S. Anderson
23398;Betty Thomas
10590;Randall Wallace
117263;Antoine Fuqua
200;Jonathan Frakes
44943;Jonathan Liebesman
587;Tim Burton
10395;Mike Nichols
57212;Steven Spielberg
152760;George Clooney
2756;James Cameron
33909;Oliver Stone
49017;Gary Shore
9882;Edward Zwick
2270;Matthew Vaughn
978;Jean-Jacques Annaud
44564;Ron Howard
3132;Joel Schumacher
8814;Andrzej Bartkowiak
8427;Betty Thomas
52520;Måns Mårlind
80585;Adam Shankman
10592;Gregory Hoblit
49021;Gary McKendry
11535;John McTiernan
10550;Wych Kaosayananda
11258;Mikael Salomon
12610;Bobby Farrelly
59981;Dan St. Pierre
201088;Michael Mann
5137;Kerry Conran
3093;Michael Caton-Jones
107846;Mikael Håfström
188207;Renny Harlin
4614;Phil Alden Robinson
24021;David Slade
11371;Frank Oz
20352;Pierre Coffin
11517;Joseph Ruben
214756;Seth MacFarlane
26428;Alejandro Amenábar
9824;Kinka Usher
48988;Bobby Farrelly
9008;Michael Mann
300673;Craig Gillespie
12113;Ridley Scott
38778;Jay Roach
72331;Timur Bekmambetov
1844;Jon Amiel
846;Rob Bowman
9703;Doug Lefler
857;Steven Spielberg
136797;Scott Waugh
3981;Nancy Meyers
425;Chris Wedge
6171;Lawrence Kasdan
72976;Steven Spielberg
603;Lilly Wachowski
568;Ron Howard
9021;Michael Lembeck
82695;Tom Hooper
9489;Nora Ephron
12133;Adam McKay
9342;Martin Campbell
41733;Todd Phillips
227306;Angelina Jolie
5551;Clint Eastwood
9350;Renny Harlin
9208;John Woo
4244;Jon Turteltaub
1852;Oliver Stone
11820;Mike Newell
76493;Larry Charles
345;Stanley Kubrick
196867;Will Gluck
256591;Glenn Ficarra
59962;McG
36648;David S. Goyer
1880;John Milius
9440;Mike Nichols
71679;Paul W.S. Anderson
10483;Paul W.S. Anderson
11412;Renny Harlin
11983;Taylor Hackford
6795;Jon Favreau
550;David Fincher
11170;McG
9292;Michael Lehmann
10783;Nora Ephron
100241;Stuart Beattie
257;Roman Polanski
9947;Rob Bowman
189;Robert Rodriguez
12618;Sydney Pollack
253412;Baltasar Kormákur
1427;Tom Tykwer
818;Jay Roach
16577;David Bowers
329;Steven Spielberg
12160;Lawrence Kasdan
9331;Phillip Noyce
300168;Daniel Lee
9072;Keenen Ivory Wayans
3536;Jonathan Mostow
9087;Rob Reiner
12177;Marco Schnabel
12138;Demian Lichtenstein
273248;Quentin Tarantino
9955;Josh Gordon
50359;Tim Hill
1271;Zack Snyder
693;Jay Roach
14306;David Frankel
497;Frank Darabont
11199;Walt Becker
9982;Mark Dindal
210577;David Fincher
2501;Doug Liman
710;Martin Campbell
2275;Simon West
37165;Peter Weir
9837;Simon Wells
10708;Steve Carr
136400;Baltasar Kormákur
10992;Lawrence Guterman
9654;F. Gary Gray
2642;Marc Lawrence
8916;Eric Darnell
19899;Peter Billingsley
2119;Tony Scott
9641;Adam Shankman
294254;Wes Ball
38167;Ryan Murphy
5994;Brett Ratner
39514;Robert Schwentke
9563;Oliver Stone
547;Robert Redford
1538;Michael Mann
9334;Chuck Russell
11128;Jay Russell
75780;Christopher McQuarrie
8914;Renny Harlin
13576;Kenny Ortega
39538;Steven Soderbergh
10628;David McNally
14836;Henry Selick
8645;M. Night Shyamalan
9509;Tony Scott
10067;Brian Robbins
9384;Todd Phillips
9279;Brian Levant
1487;Guillermo del Toro
9422;Steven Zaillian
77174;Sam Fell
4824;Michael Caton-Jones
9620;John Woo
9302;Jon Avnet
10199;Robert Stevenhagen
10771;Kevin Donovan
3512;Geoff Murphy
137094;Kenneth Branagh
274479;David O. Russell
267860;Babak Najafi
8078;Jean-Pierre Jeunet
7485;Antoine Fuqua
170687;Anthony Stacchi
6435;Griffin Dunne
137106;Phil Lord
10040;John Pasquin
6278;Rob Bowman
82682;Ruben Fleischer
17610;Harold Ramis
22954;Clint Eastwood
16995;Kevin Macdonald
16558;Tony Gilroy
9849;Donald Petrie
5820;Clark Johnson
16866;Jorge Blanco
201;Stuart Baird
11775;Joel Coen
87825;Robert Lorenz
12201;Martin Campbell
11015;Peter Hyams
9932;Harold Ramis
13389;Jon Avnet
8838;Harold Becker
17332;Joe Wright
4958;Robert Redford
786;Cameron Crowe
9513;Tim Hill
11679;Lee Tamahori
38321;Scott Stewart
14411;Tim Johnson
8413;Paul W.S. Anderson
10052;Tom Shadyac
9676;Brian De Palma
9664;Tony Bill
2100;Rod Lurie
10384;Walter Hill
137321;Akiva Goldsman
123553;Harald Zwart
11260;Brian Robbins
9009;Walter Salles
11374;Ron Howard
2309;Iain Softley
8285;Frank Miller
210860;David Koepp
2312;Uwe Boll
9839;Martin Campbell
381902;Soi Cheang
13922;John Dahl
293660;Tim Miller
9713;Stephen Herek
190859;Clint Eastwood
257445;Rob Letterman
9007;Mark Waters
889;Brian Levant
1370;Peter MacDonald
4942;George Clooney
347969;Frank Coraci
24438;Marc Lawrence
116741;Shawn Levy
35791;Paul W.S. Anderson
72431;Anthony Hemingway
1813;Taylor Hackford
87428;Sean Anders
8840;Rob Cohen
10589;Brett Ratner
71676;Brian Taylor
1722;John Madden
10022;Adam Shankman
11358;Kevin Bray
13;Robert Zemeckis
6477;Tim Hill
1597;Jay Roach
10530;Mike Gabriel
1924;Richard Donner
9327;Tom Shadyac
8488;Andy Tennant
10603;Sam Weisman
8273;Jesse Dylan
109424;Paul Greengrass
35056;Shawn Levy
8839;Brad Silberling
156022;Antoine Fuqua
7303;Wayne Wang
8963;Tony Scott
1402;Gabriele Muccino
9315;Robert Schwentke
8984;Barry Levinson
795;Brad Silberling
24;Quentin Tarantino
11353;Frank Oz
393;Quentin Tarantino
9618;Andrei Konchalovsky
9374;Robert Zemeckis
8584;Tom Dey
2320;Stuart Baird
58224;Mark Waters
1729;Rob Minkoff
175574;Jimmy Hayward
8077;David Fincher
8818;Alan Parker
8195;John Frankenheimer
10586;Stephen Hopkins
116149;Paul King
80035;Akiva Schaffer
10632;William Friedkin
12117;Jon Turteltaub
1792;Bobby Farrelly
13260;Kent Alterman
72197;Peter Lord
3580;Clint Eastwood
12123;Andrew Davis
9566;Tony Scott
9833;Joel Schumacher
4517;Shekhar Kapur
8202;Karyn Kusama
16072;Ronald F. Maxwell
34314;Robert Butler
19724;Karey Kirkpatrick
145220;James Bobin
14623;Jonathan Frakes
42297;Steve Antin
2841;Jean-Pierre Jeunet
802;Stanley Kubrick
10375;Jim Gillespie
36586;Guillermo del Toro
11321;Gabriele Muccino
70074;Walter Hill
242;Francis Ford Coppola
9621;Cameron Crowe
1819;Anthony Russo
8536;Richard Lester
8046;Martin Brest
1717;Steven Zaillian
479;John Singleton
9444;Gary Goldman
824;Baz Luhrmann
11456;Harold Becker
261023;Scott Cooper
3683;Clint Eastwood
22803;F. Gary Gray
285923;Robert Rodriguez
39437;Jonathan Demme
1950;Curtis Hanson
640;Steven Spielberg
97630;Kathryn Bigelow
9767;Peyton Reed
11631;Phyllida Lloyd
32856;Garry Marshall
6519;Jay Chandrasekhar
8741;Terrence Malick
49520;David Dobkin
1850;Milo¨ Forman
524;Martin Scorsese
26389;Pierre Morel
11817;Paul Hunter
2123;Bobby Farrelly
9907;Steve Oedekerk
9969;John Whitesell
18239;Chris Weitz
808;Andrew Adamson
38050;George Nolfi
8367;Kevin Reynolds
9390;Cameron Crowe
72105;Seth MacFarlane
2898;James L. Brooks
10312;Tom Shadyac
109443;Adam McKay
2022;Steven Brill
37686;J.J. Abrams
462;Steven Soderbergh
9919;Donald Petrie
187017;Phil Lord
628;Neil Jordan
10201;Peyton Reed
302699;Rawson Marshall Thurber
9441;Chris Columbus
274167;Sean Anders
224141;Rob Marshall
388;Spike Lee
2112;Brian Helgeland
10329;Frank Marshall
74465;Cameron Crowe
13811;Alex Proyas
6877;Tom Dey
10320;Hideo Nakata
50646;Glenn Ficarra
8920;Peter Hewitt
13673;Joe Roth
60308;Bennett Miller
6950;Wolfgang Petersen
225574;Jaume Collet-Serra
13836;Andy Fickman
752;James McTeigue
6038;David Dobkin
9975;Matthew O'Callaghan
11451;Angela Robinson
12103;Gary Fleder
60304;Tommy Wirkola
2251;Adrian Lyne
46529;D.J. Caruso
231;Stephen Gaghan
300671;Michael Bay
228326;Jorge R. Gutierrez
9754;Richard Loncraine
66;Clint Eastwood
4421;Ridley Scott
2649;David Fincher
588;Christophe Gans
10393;Howard Deutch
71552;Jon Hurwitz
9631;F. Gary Gray
216282;Steven Quale
306;John Landis
928;Joe Dante
205587;David Dobkin
6623;Mimi Leder
1577;Alexander Witt
9801;Beeban Kidron
2116;Carl Franklin
9624;Steven Seagal
14199;Robert Rodriguez
1907;Danny Boyle
4599;Garry Marshall
22832;James McTeigue
10390;Sam Raimi
9879;Andrew Bergman
38579;Tom Dey
44603;Clint Eastwood
11892;Barbet Schroeder
9691;Richard Donner
1248;Peter Webber
12220;Rob Reiner
72710;Andrew Niccol
10782;John McTiernan
9573;Clint Eastwood
4959;Tom Tykwer
10061;John Carpenter
10386;Brad Bird
421;Wes Anderson
316152;Gary Ross
11615;Alan Parker
13498;Stephen Herek
241554;Jaume Collet-Serra
2252;David Cronenberg
11968;John Stockwell
10047;Luc Besson
38319;David Gordon Green
69668;Jim Sheridan
9770;Costa-Gavras
11212;Patrick Read Johnson
10533;Roland Joffé
38363;Doug Liman
9923;Tony Scott
11863;William Friedkin
18501;Brian Taylor
109491;Richard LaGravenese
9275;Danny DeVito
329833;Ben Stiller
12634;George Armitage
10416;Mike Nichols
47327;Patrick Lussier
15268;Andrzej Bartkowiak
10796;James Wong
9548;Renny Harlin
18947;Richard Curtis
1900;Steven Soderbergh
89;Steven Spielberg
96724;Joe Wright
198184;Neill Blomkamp
9481;Phillip Noyce
4547;David Fincher
53953;Chuck Bowman
6415;David O. Russell
181283;Daniel Espinosa
9896;Jerry Zucker
167;Iain Softley
11232;James Mangold
1636;Harold Ramis
2148;Francis Ford Coppola
5176;James Mangold
260346;Olivier Megaton
1389;Steven Soderbergh
9894;Ben Stiller
7504;Deepa Mehta
8592;Warren Beatty
913;John McTiernan
11091;Penny Marshall
1368;Ted Kotcheff
593;Andrei Tarkovsky
5393;Yvette Kaplan
9095;Stephen Frears
8874;P.J. Hogan
11467;Joe Roth
320;Christopher Nolan
199;Jonathan Frakes
20533;Jimmy Hayward
10684;Edward Zwick
1624;Tom Shadyac
325789;Brad Furman
113464;Terence Young
888;Brian Levant
82675;Olivier Megaton
4256;David Zucker
1493;Donald Petrie
88751;Eric Brevig
11130;Garry Marshall
9944;Alan J. Pakula
10731;Joel Schumacher
7350;Rob Reiner
9869;Phillip Noyce
4379;Robert Luketic
146233;Denis Villeneuve
2034;Antoine Fuqua
926;Dean Parisot
4248;Keenen Ivory Wayans
64328;James Bobin
36647;Stephen Norrington
7214;Thomas Carter
1537;Roger Michell
9360;Luis Llosa
6282;David McNally
508;Richard Curtis
9487;Andrew Stanton
768;Albert Hughes
2636;Luis Llosa
10478;Ron Shelton
27983;Melville Shavelson
9981;Jesse Dylan
7453;Garth Jennings
15045;Joel Zwick
7737;Russell Mulcahy
232672;Frank Coraci
17379;Wayne Wang
8987;Curtis Hanson
11359;Frank Oz
82525;Oliver Stone
9759;David R. Ellis
9486;Peter Howitt
9906;John A. Davis
841;David Lynch
4688;Julie Taymor
4148;Sam Mendes
2207;Richard Donner
9381;Mathieu Kassovitz
9625;John Gray
9304;Harold Ramis
20856;John Schultz
5955;Sean Penn
9899;Susan Stroman
9826;Simon Wincer
21355;Billy Bob Thornton
10858;Oliver Stone
11439;Roman Polanski
9457;Stephen Sommers
12412;Spike Lee
1494;Zhang Yimou
13184;Danny Pang
2185;Barry Sonnenfeld
6639;Mike Newell
38153;George P. Cosmatos
58233;Oliver Parker
116977;Lawrence Kasanoff
68734;Ben Affleck
5503;Andrew Davis
27573;Andy Tennant
819;Barry Levinson
1369;George P. Cosmatos
9623;Brian Gibson
10895;Ben Sharpsteen
10935;Michael Cimino
834;Len Wiseman
228066;Paul McGuigan
711;Gus Van Sant
10468;Betty Thomas
10027;Louis Leterrier
11812;Roger Kumble
37233;Sydney Pollack
37950;Burr Steers
27582;Simon West
64688;Phil Lord
509;Roger Michell
7443;Nick Park
5966;John Hamburg
11066;Reginald Hudlin
136795;Paul Feig
8095;Joseph L. Mankiewicz
87826;Frank Coraci
11560;Carl Franklin
25189;Barbra Streisand
2637;Mark Pellington
18480;Larry Charles
709;John Glen
49730;Catherine Hardwicke
2749;John Herzfeld
9607;Annabel Jankel
1830;Andrew Niccol
79;Zhang Yimou
54054;Julie Anne Robinson
228967;Seth Rogen
46528;Sngmoo Lee
27936;Jean-Pierre Jeunet
65;Curtis Hanson
280391;Jamel Debbouze
9476;Brian Helgeland
10610;Gordon Chan
745;M. Night Shyamalan
49527;Asger Leth
73937;David Frankel
1885;John G. Avildsen
168672;David O. Russell
18240;Anne Fletcher
10398;Bruce Beresford
165;Robert Zemeckis
240832;Luc Besson
216015;Sam Taylor-Johnson
12279;Robert Rodriguez
1645;Joel Schumacher
11007;Shawn Levy
193756;Peter Berg
11287;Penny Marshall
259693;James Wan
37799;David Fincher
10184;Ken Kwapis
4257;David Zucker
4234;Wes Craven
196;Robert Zemeckis
257091;Etan Cohen
6114;Francis Ford Coppola
24803;Nora Ephron
109410;Brian Helgeland
1213;Anthony Minghella
100042;Bobby Farrelly
9036;Frank Marshall
257211;Nancy Meyers
323675;Tim Story
9361;Michael Mann
1677;Taylor Hackford
187;Robert Rodriguez
7461;Pete Travis
16538;John Hamburg
9889;Bobby Farrelly
820;Oliver Stone
11565;John Whitesell
6073;Gore Verbinski
16996;Burr Steers
193610;Nick Cassavetes
19912;David R. Ellis
296098;Steven Spielberg
8007;John Moore
32823;Nicholas Stoller
4380;Peter Chelsom
11551;Joe Dante
10336;Mark A.Z. Dippé
11362;Kevin Reynolds
50348;Brad Furman
48138;Jaume Collet-Serra
1124;Christopher Nolan
227159;Sean Anders
68179;Callan Brunker
1579;Mel Gibson
708;John Glen
34851;Nimród Antal
9930;Ivan Reitman
1586;David Koepp
2044;Alejandro Agresti
9913;Iain Softley
71864;Peter Hedges
10761;Paul Weiland
209451;Clint Eastwood
11975;Francis Ford Coppola
4970;Mathieu Kassovitz
11831;Steven Spielberg
9096;John McTiernan
440;Colin Strause
11011;Donald Petrie
10641;Joan Chen
11172;Marc Lawrence
39513;Greg Mottola
82687;Anne Fletcher
41446;Wes Craven
8224;Joel Schumacher
10537;Oliver Stone
225886;Jake Kasdan
10385;Diane Keaton
55779;Steven Quale
10154;Kelly Makin
10647;Mimi Leder
11431;Bobby Farrelly
8457;Steven Brill
188161;Seth MacFarlane
8850;Russell Mulcahy
64685;Stephen Daldry
38357;Roger Michell
10060;Jim Sheridan
11398;Christian Duguay
1833;Chris Columbus
10391;Chuck Russell
8970;Sam Weisman
9306;John Frankenheimer
11370;Peter Hyams
12184;Justin Chadwick
1921;Pat O'Connor
1683;Stephen Hopkins
203;Martin Scorsese
11858;Penny Marshall
62835;Olivier Megaton
18937;Frederik Du Chau
13536;Michael Caton-Jones
15556;Irwin Winkler
10718;Joseph Kahn
11062;Harold Becker
10802;Paul Verhoeven
1887;Sofia Coppola
6071;Barbet Schroeder
10461;Stephen T. Kay
80278;Juan Antonio Bayona
12704;Elaine May
10315;Wes Anderson
16643;Stephen Herek
2687;John Carpenter
194;Jean-Pierre Jeunet
11025;Dennie Gordon
8849;Charles Shyer
78698;Ken Kwapis
30943;Ulu Grosbard
9544;William Malone
24418;Paul Weitz
7288;Danny DeVito
14655;Malcolm D. Lee
24575;Jerry Jameson
10366;Mic Rodgers
19898;Christian Alvart
4965;Gary Fleder
15074;Christian Duguay
56715;Jean-Marie Poiré
1272;Danny Boyle
72358;Brian Robbins
20542;Marc F. Adler
266396;Pierre Morel
9978;Geoffrey Sax
8271;D.J. Caruso
10428;Iain Softley
5353;Richard Shepard
11934;Joel Coen
14392;Peter Chan
19495;Sergei Bodrov Jr.
110415;Bong Joon-ho
77459;Bibo Bergeron
26486;Jeff Nathanson
9495;Alex Proyas
256040;S.S. Rajamouli
24420;Robert Schwentke
1257;Michael Lehmann
62214;Tim Burton
16320;Joss Whedon
8842;Charles S. Dutton
9531;Richard Lester
64807;Peter Segal
12289;John Woo
11529;Andy Tennant
20943;Robert Luketic
9099;Jonathan Lynn
9488;Robert Rodriguez
193;David Carson
44865;Wong Kar-wai
55787;Francis Lawrence
257932;Yuefeng Song
10400;Norman Jewison
1957;Michael Apted
10833;David Mirkin
256961;Andy Fickman
5852;Luis Mandoki
12312;John Pasquin
622;Roman Polanski
11306;Michael Apted
12508;Stephen Herek
25793;Lee Daniels
10534;Ridley Scott
1091;John Carpenter
87421;David Twohy
10871;Jeb Stuart
13503;Steve Miner
13600;Gil Kenan
68722;Paul Thomas Anderson
14324;David Leland
14325;Gary Fleder
299687;J Blakeson
312221;Ryan Coogler
23168;Ben Affleck
76494;Kirk Jones
4944;Joel Coen
10488;Jennifer Flackett
96721;Ron Howard
334;Paul Thomas Anderson
23742;Kevin Smith
259694;Christian Ditter
62837;Charles Martin Smith
8966;Catherine Hardwicke
8470;Nick Cassavetes
11001;Les Mayfield
138832;Rawson Marshall Thurber
16911;Fyodor Bondarchuk
2163;Jonathan Mostow
36670;Irvin Kershner
23048;Steve Pink
227735;Charles Martin Smith
2155;John Frankenheimer
8409;F. Gary Gray
222936;Cameron Crowe
31908;Rob Reiner
10219;Scott Hicks
48171;Mikael Håfström
782;Andrew Niccol
75531;Andrew Bergman
11802;Kirk De Micco
9776;Chris Rock
18785;Todd Phillips
365222;Wilson Yip
817;Jay Roach
268;Tim Burton
45054;Roland Joffé
943;Richard Donner
22881;John Lee Hancock
10054;Robert Rodriguez
51540;Seth Gordon
44264;Joel Coen
350;David Frankel
152;Robert Wise
109431;Seth Gordon
1598;Martin Scorsese
8065;Robert Luketic
271718;Judd Apatow
11638;Kevin Rodney Sullivan
409;Anthony Minghella
2118;Curtis Hanson
11459;Mike Mitchell
10806;Frank Oz
9348;Roger Donaldson
377;Wes Craven
8843;Tarsem Singh
9313;Randall Wallace
39486;Randall Wallace
1273;Kevin Munroe
13920;Mike Tollin
50544;Will Gluck
325133;Nicholas Stoller
140823;John Lee Hancock
1883;Spike Lee
89492;Judd Apatow
22949;Walt Becker
12437;Patrick Tatopoulos
2959;Ken Kwapis
9957;Dennis Dugan
11648;Gary David Goldberg
9366;Mike Newell
1576;Paul W.S. Anderson
609;Tobe Hooper
5516;Joel Coen
13051;John Moore
49530;Andrew Niccol
34806;Alan Poul
49022;Luke Greenfield
11469;Gil Junger
23479;Michael Ritchie
11667;Steven E. de Souza
423;Roman Polanski
2447;Catherine Hardwicke
10066;Jaume Collet-Serra
2288;Mike Nichols
88794;Clint Eastwood
13515;Alexandre Aja
11979;Michael Rymer
169;Stephen Hopkins
8090;Gregory Hoblit
11622;Hugh Wilson
3604;Mike Hodges
9541;Kevin Smith
94348;Rob Cohen
8197;Clint Eastwood
336004;Scott Mann
35019;Susanna White
10410;Danny DeVito
8836;Chris Carter
14442;Tommy O'Haver
321741;Peter Landesman
59965;John Singleton
14175;Gary Chapman
11004;Curtis Hanson
11918;Craig Mazin
98357;Allen Hughes
10012;Wes Craven
49526;David Koepp
268920;Anne Fletcher
9093;Shekhar Kapur
119283;Taylor Hackford
11823;Richard Loncraine
35169;Roger Kumble
118957;Kimble Rendall
849;Peter Yates
4515;Robert Redford
18886;John Milius
6575;Jake Kasdan
6440;Lasse Hallström
13496;Les Mayfield
18320;Jean-Marc Vallée
22787;Dominic Sena
8967;Terrence Malick
37498;Tsui Hark
144336;David Ayer
9616;Brian Helgeland
13056;Lexi Alexander
14113;Peter Hewitt
285783;Robert Zemeckis
49478;Ronny Yu
9726;Ridley Scott
20763;Richard Donner
9702;Taylor Hackford
9311;Bille August
9280;Brian De Palma
26843;Moustapha Akkad
11876;Jean-Paul Rappeneau
22267;Ang Lee
45958;Alejandro González Iñárritu
1969;Joachim Rønning
310706;Tony Kaye
198663;Wes Ball
239573;Ken Scott
10436;Martin Scorsese
1381;Darren Aronofsky
2162;Hugh Johnson
127493;Simon West
12429;Hayao Miyazaki
228205;George Tillman, Jr.
2900;Rand Ravich
21311;Hugh Hudson
77875;Gabriele Muccino
192136;Justin Chadwick
18254;Warren Beatty
881;Rob Reiner
10877;Andrzej Bartkowiak
9600;Raja Gosnell
202575;Ben Stassen
71469;Chris Gorak
85446;Scott Speer
326;David R. Ellis
10685;Joe Charbanic
7220;Jonathan Hensleigh
9763;Danny Cannon
72387;Boaz Yakin
12596;Mike Newell
1892;Richard Marquand
13460;Neil Marshall
8055;Stephen Daldry
50647;David Wain
10719;Jon Favreau
9294;Jon Turteltaub
11888;Brian Levant
9647;Richard Donner
9353;Jared Hess
55721;Paul Feig
109414;Seth Rogen
10307;Rupert Wainwright
11978;George Tillman, Jr.
22907;John Luessenhop
87567;Justin Zackham
38322;John Whitesell
45612;Duncan Jones
7305;Frank Marshall
3594;Joel Schumacher
157841;Jean-Pierre Jeunet
11519;Steven Spielberg
12920;John Gatins
59;David Cronenberg
9335;Louis Leterrier
12106;Sam Raimi
11141;Peter Howitt
8649;Martin Scorsese
31867;Miguel Sapochnik
10253;Shim Hyung-Rae
3587;Norman Jewison
124459;Don Scardino
24662;Mark Dindal
32274;Tim Robbins
182;Steven Soderbergh
5494;Tom Reeve
28;Francis Ford Coppola
38073;Nanette Burstein
2054;Stephen Herek
302156;Ariel Vromen
606;Sydney Pollack
87502;Robert Zemeckis
698;Lewis Gilbert
120467;Wes Anderson
11313;Scott Hicks
6488;Frank Marshall
10559;Gregory Hoblit
296099;John Francis Daley
8012;Barry Sonnenfeld
1574;Rob Marshall
9032;Dennis Dugan
2770;J.B. Rogers
862;John Lasseter
1637;Jan de Bont
72570;Michael Sucsy
27569;Tom Vaughan
10637;Boaz Yakin
1669;John McTiernan
132363;Lee Daniels
9472;Rawson Marshall Thurber
2907;Barry Sonnenfeld
9273;Steve Oedekerk
9880;Garry Marshall
2925;Hugh Wilson
807;David Fincher
17654;Neill Blomkamp
11836;Stephen Hillenburg
322;Clint Eastwood
70;Clint Eastwood
9535;Harold Ramis
11036;Nick Cassavetes
6557;Anne Fletcher
18126;Peter Chelsom
16340;Stig Bergqvist
10333;Barbra Streisand
4476;Edward Zwick
22947;Jason Reitman
2755;Alexander Payne
82654;Jonathan Levine
59967;Rian Johnson
16300;Chris Weitz
9598;Chris Noonan
82696;David Frankel
9870;Nicholas Stoller
8292;John Singleton
8780;Michael McCullers
9715;Forest Whitaker
10521;Gary Winick
10762;Steven Brill
10096;Gary Winick
59436;Woody Allen
227783;Peter Lepeniotis
4133;Ted Demme
10207;Luis Mandoki
172;William Shatner
21972;John Schultz
36593;Peter Segal
707;John Glen
533;Nick Park
6023;Richard LaGravenese
6439;Frederik Du Chau
4347;Joe Wright
37056;Gary Winick
4105;Ridley Scott
76489;Bobby Farrelly
3933;Tim Burton
9918;James Gartner
273481;Denis Villeneuve
307081;Antoine Fuqua
16871;Sam Raimi
293863;Lee Toland Krieger
13156;Tim McCanlies
41233;Jon M. Chu
9266;John Stockwell
1262;Marc Forster
4513;David Slade
22970;Drew Goddard
7278;Jason Friedberg
9013;Martin Brest
865;Paul Michael Glaser
10776;Frank Oz
50456;Joe Wright
9823;John R. Leonetti
59861;Tom Hanks
133805;Kimberly Peirce
12763;Liz Friedlander
9766;Phil Joanou
14034;Sam Weisman
12244;Shane Acker
109421;Steven Soderbergh
11137;Martha Coolidge
51162;Stephen Anderson
10152;Troy Miller
9452;Warren Beatty
239566;Tate Taylor
53113;Carl Franklin
9271;Brett Leonard
4474;Ivan Reitman
184346;Scott Derrickson
48340;Alister Grierson
14846;Nick Hurran
72207;Nicholas Stoller
16232;Charles Stone III
43539;Paul Haggis
9920;Kurt Wimmer
8978;Jean-François Richet
11702;Antoine Fuqua
18550;Kevin Hooks
8869;Ellory Elkayem
43347;Edward Zwick
3489;Jon Avnet
9701;Niki Caro
2122;Howard Deutch
37707;Vincenzo Natali
10658;Willard Huyck
13150;Gavin O'Connor
9042;Bruce Hunt
17813;Rob Reiner
11208;Paul McGuigan
58151;Craig Gillespie
11400;Terrence Malick
10350;Christopher Roberts
28902;Neil Jordan
14164;James Wong
76640;Kim Jee-woon
11058;Nick Hamm
14844;Andy Cadiff
57089;Mike Disa
1947;Lasse Hallström
8054;Terry Gilliam
46829;Richard J. Lewis
146238;Brad Furman
9989;Peter Howitt
9665;Edward Zwick
311;Sergio Leone
102362;Niels Arden Oplev
11162;Michael Radford
6016;Neil Jordan
17186;Steve Boyum
13967;Chris Noonan
2008;Chen Kaige
9053;Corey Yuen Kwai
4512;Andrew Dominik
76349;Jackie Chan
31203;Laurent Tirard
265208;Simon West
45610;Marc Forster
50135;Reinhard Klooss
1874;Bille August
271331;Frédéric Auburtin
215211;Olivier Dahan
367961;Maksim Fadeev
10955;Liliana Cavani
223702;Conrad Vernon
254470;Elizabeth Banks
69;James Mangold
4967;Edward Norton
9449;Peter Hewitt
11499;Ron Howard
4912;George Clooney
12771;Reginald Hudlin
323676;Ben Falcone
12506;Richard Attenborough
24071;Lawrence Kasdan
11249;Don Mancini
9667;John Maybury
812;Ron Clements
277216;F. Gary Gray
87;Steven Spielberg
14444;Norton Virgien
2043;Lee Tamahori
315664;Stephen Frears
1428;Robert Rodriguez
562;John McTiernan
15373;David Wain
318846;Adam McKay
26320;Ang Lee
14292;Gavin O'Connor
924;Zack Snyder
2018;Adam Shankman
192577;Shinji Aramaki
9428;Wes Anderson
2832;James Mangold
137093;Jon Turteltaub
699;John Glen
9778;Peter Chelsom
8831;Peter Hyams
9398;Ben Stiller
112949;Lasse Hallström
10439;Kenny Ortega
3638;Scott Hicks
23483;Matthew Vaughn
62206;Ruben Fleischer
10577;Patrick Lussier
218778;Miguel Arteta
4348;Joe Wright
78;Ridley Scott
11780;Michael Caton-Jones
192102;McG
2001;James Gray
10383;Janusz Kami?ski
11516;Jacques Perrin
10025;Donald Petrie
15198;Jay Roach
23172;Brian Levant
17834;Michael Ritchie
10016;John Carpenter
10317;David Gordon Green
58431;Burr Steers
9746;Martin Scorsese
13092;Robert B. Weide
59859;Jeff Wadlow
13495;Agustín Díaz Yanes
254473;Camille Delamarre
700;John Glen
4964;Judd Apatow
10024;Nick Cassavetes
13490;Malcolm D. Lee
15927;David Lean
1259;Richard Eyre
5125;Gavin Hood
174;Nicholas Meyer
9583;Callie Khouri
9437;Gary Fleder
525;John Landis
10188;Sanaa Hamri
63574;Todd Graff
245;Chris Weitz
9825;Steve Miner
186;Paul McGuigan
9549;Philip Kaufman
61891;Roland Emmerich
34584;Wolfgang Petersen
2666;Alex Proyas
12783;Saul Dibb
13155;Walter Murch
42807;Richard Linklater
28355;Christian Alvart
8080;E. Elias Merhige
5126;Menno Meyjes
56288;Robert Rodriguez
303858;Jodie Foster
1613;Ronny Yu
31582;Joel Schumacher
16617;Renny Harlin
8944;Barry Levinson
41488;Norman Jewison
37028;Kenneth Branagh
14560;Steve Carr
10330;Mark Waters
6957;Judd Apatow
1934;John Madden
169917;Scott Frank
951;Ivan Reitman
10189;David Gordon Green
9454;Andy Tennant
2055;Kevin Costner
1551;Joel Schumacher
5902;Richard Attenborough
11460;Wes Craven
9358;David R. Ellis
134;Joel Coen
22894;Scott Stewart
134374;Michael Bay
1901;Paul Weitz
15028;Jonathan Frakes
11509;Lawrence Kasdan
7445;Jim Sheridan
17047;Kevin Allen
62838;Garry Marshall
2057;Michael Cristofer
70436;James McTeigue
16784;Donald Petrie
8011;Andrew Morahan
31640;Bob Rafelson
9092;Michael Cohn
2779;Woody Allen
316002;David O. Russell
36355;Alan Shapiro
238615;Tarsem Singh
1985;Fernando Meirelles
615;Mel Gibson
788;Chris Columbus
380;Barry Levinson
13223;Clint Eastwood
10523;Oliver Stone
8681;Pierre Morel
239571;Michael Hoffman
619;Mick Jackson
424;Steven Spielberg
50014;Tate Taylor
162903;Bill Condon
11024;Raja Gosnell
208763;Oleg Stepchenko
6466;Ronny Yu
254024;Michael Winterbottom
12589;John A. Davis
7191;Matt Reeves
1497;Michael Pressman
117;Brian De Palma
6977;Joel Coen
168530;Tim Story
634;Sharon Maguire
392;Lasse Hallström
10327;Charles Herman-Wurmfeld
88042;Andy Fickman
41630;Ivan Reitman
11969;George P. Cosmatos
2085;Andrzej Bartkowiak
794;Richard Donner
9286;James Wong
77877;Scott Hicks
1265;Gábor Csupó
866;Marc Forster
175555;Tyler Perry
75174;Joe Carnahan
11096;John Polson
8699;Adam McKay
769;Martin Scorsese
10923;Harald Zwart
11283;Kirk Jones
111;Brian De Palma
11676;Steve Oedekerk
746;Bernardo Bertolucci
77866;Baltasar Kormákur
9416;Brett Ratner
7345;Paul Thomas Anderson
14317;Cathy Malkasian
20694;Norton Virgien
12277;Malcolm D. Lee
9779;Ken Kwapis
2140;Chris Nahon
12620;Fred Wolf
14177;Bille Woodruff
198185;Craig Gillespie
227156;Phillip Noyce
10735;Dennie Gordon
11351;Victor Salva
10030;Mark Helfrich
10623;Andrzej Bartkowiak
590;Stephen Daldry
9655;Andy Fickman
1268;Steve Bendelack
11237;Dwight H. Little
190955;Guillaume Canet
5123;Kirsten Sheridan
4518;Shekhar Kapur
11932;Ronny Yu
11165;Richard Fleischer
6116;Bob Spiers
57431;David Gordon Green
21724;Damien Dante Wayans
278;Frank Darabont
9290;Simon Wincer
11543;Bobby Farrelly
284536;Rupert Wyatt
152737;John Wells
13374;Tim Fywell
8976;Nigel Cole
319888;Dexter Fletcher
9469;Spike Lee
1909;Jeremy Leven
22971;Lasse Hallström
34813;Sylvain White
46261;Troy Nixey
10431;Philip G. Atwell
8051;Paul Thomas Anderson
9352;Jeff Schaffer
10167;Don Michael Paul
18147;Paul Feig
17170;James Bridges
18975;Steve Barron
15487;Bill Paxton
22825;Richard Kelly
11152;Carter Smith
1831;John Schlesinger
43931;Wes Craven
10591;Luke Greenfield
10861;Ringo Lam
12770;Bruce McCulloch
276907;Brian Helgeland
10074;Akiva Schaffer
65055;David R. Ellis
10397;Alan Parker
200505;Ivan Reitman
11954;Tobe Hooper
60309;Robert Redford
9787;Catherine Hardwicke
293646;Patricia Riggen
6978;John Carpenter
133698;Pascal Chaumeil
59440;Gavin O'Connor
1770;Neil Jordan
10655;Ronald F. Maxwell
8988;Kimberly Peirce
15992;Stephen Gaghan
17707;Jonathan Kaplan
77883;Ole Bornedal
40001;Richard Benjamin
64639;Rod Lurie
9903;Lasse Hallström
21338;Craig R. Baxley
20766;John Hillcoat
24264;John Guillermin
19803;Marcos Siega
20309;J.B. Rogers
9912;Roger Donaldson
9067;Rachel Talalay
27360;Jeffrey W. Byrd
8338;Fernando Meirelles
168705;Uwe Boll
72113;Roman Polanski
9729;Atom Egoyan
94352;Andrew Adamson
22256;Robert Towne
12404;Richard Linklater
152742;Giuseppe Tornatore
11699;Werner Herzog
49953;Ben Stassen
48034;Guillaume Canet
39845;Taylor Hackford
25353;Jérôme Deschamps
36696;Inna Evlannikova
109091;Ridley Scott
38543;Jonathan English
33157;Sergey Bondarchuk
290864;Teddy Chan
242166;Mario Van Peebles
859;Stephen Frears
83770;Walter Salles
168;Leonard Nimoy
1246;Sylvester Stallone
4233;Wes Craven
174751;Gavin O'Connor
184098;Tim Story
2069;Jonathan Lynn
1788;Herbert Ross
11635;Todd Phillips
177;Terry Gilliam
3600;Danny Cannon
2621;Bonnie Hunt
10358;Kevin Smith
10480;Neil LaBute
10313;Grant Heslov
18828;George Gallo
3558;James Mangold
13476;Robert Luketic
10208;Tim Hill
24961;Sidney Lumet
20697;Brian Robbins
20761;Ron Shelton
70868;Douglas McGrath
43593;Alexandre Aja
6478;Kevin Spacey
40688;Steve Boyum
26672;Richard Williams
45881;Mary McGuckian
41283;George Tillman, Jr.
4935;Hayao Miyazaki
19908;Ruben Fleischer
10663;Frank Coraci
1891;Irvin Kershner
9737;Michael Bay
37137;David Zucker
9532;James Wong
10316;George Clooney
2787;David Twohy
12658;Tony Goldwyn
152601;Spike Jonze
10866;John Dahl
227707;Jonathan Newman
21349;Wayne Wang
19150;Michael Dinner
70435;Steven Soderbergh
580;Joseph Sargent
9819;Jerry Zaks
13579;Fred Durst
20024;Neil Jordan
2453;Simon Wincer
6973;Paul Haggis
11156;Anne Fontaine
354110;Jon Cassar
22215;Stephen Frears
11632;Mira Nair
30596;Teddy Chan
3021;Mikael Håfström
957;Mel Brooks
256917;Russell Crowe
251;Jerry Zucker
544;Bobby Farrelly
11395;John Pasquin
14635;John Lee Hancock
13680;Andy Fickman
688;Clint Eastwood
11090;Luke Greenfield
783;Richard Attenborough
228194;Lasse Hallström
1642;Irwin Winkler
10950;Jessie Nelson
235260;Christopher Spencer
277;Len Wiseman
8999;Mikael Håfström
11323;Steven Soderbergh
10445;Richard Attenborough
11453;Mike Bigelow
146239;Ken Scott
205588;Susanna White
10878;Dennis Dugan
82650;David Bowers
10279;Spike Lee
2294;Kevin Smith
2176;Daniel Sackheim
270487;Joel Coen
19366;Deborah Kaplan
204082;Gary Fleder
24100;Uli Edel
1599;David O. Russell
5550;Fred Dekker
30379;Brian Trenchard-Smith
42586;Blake Edwards
17709;Hugh Wilson
287948;Camille Delamarre
7548;Laurence Dunmore
9075;Paul Verhoeven
11661;Christian Carion
109513;Dax Shepard
12085;Callie Khouri
204922;Rowan Joffe
38985;William Friedkin
44113;John Curran
21494;Laurent Tirard
164457;Scott Cooper
4566;Tony Gilroy
17795;Peter Segal
1073;Mark Pellington
153158;Juan José Campanella
81836;Woody Allen
10724;Clint Eastwood
9473;Trey Parker
2196;Frank Oz
1499;Stuart Gillard
20857;Brian Robbins
82693;David O. Russell
1646;Richard LaGravenese
44944;Tyler Perry
4108;Louis Leterrier
8456;Jeff Wadlow
7341;Katt Shea
19255;Sam Mendes
10187;Joshua Michael Stern
31005;Brad Silberling
49517;Tomas Alfredson
44857;John Duigan
50780;Jodie Foster
16363;Colin Higgins
1946;David Cronenberg
85;Steven Spielberg
772;Chris Columbus
840;Steven Spielberg
9682;Jim Sonzero
96;Tony Scott
10678;Adam Shankman
274;Jonathan Demme
8872;Penelope Spheeris
16290;Jeff Tremaine
579;Jeannot Szwarc
14405;Raja Gosnell
138843;James Wan
11637;Brian Levant
226486;Ben Falcone
1584;Richard Linklater
9312;Paul W.S. Anderson
12153;Keenen Ivory Wayans
65057;Alexander Payne
8326;Andrew Davis
35690;Julie Anne Robinson
76203;Steve McQueen
13497;Charles Stone III
35688;Tyler Perry
162;Tim Burton
296096;Thea Sharrock
103370;Tyler Perry
1051;William Friedkin
376659;Jon Lucas
10073;Jason Friedberg
16690;Robin Budd
273895;Ava DuVernay
14873;Steve Trenbirth
8968;Stephen T. Kay
9963;Mennan Yapo
15655;Jun Falkenstein
21208;Jaume Collet-Serra
272878;Boaz Yakin
9760;Jason Friedberg
314365;Tom McCarthy
13279;Neil LaBute
1975;Takashi Shimizu
33644;Kevin Rodney Sullivan
1649;Peter Hewitt
9895;Barry Levinson
9570;Gary Nelson
27579;Anton Corbijn
16052;Gregory Nava
40264;Jason Friedberg
1164;Alejandro González Iñárritu
239678;Shawn Levy
14359;John Patrick Shanley
3989;Trey Parker
76617;John Luessenhop
1710;Jon Amiel
4258;Malcolm D. Lee
20391;Joshua Logan
10139;Gus Van Sant
335778;Kevin Reynolds
9645;Steve Beck
55465;Todd Strauss-Schulson
617;John McNaughton
19904;Nelson McCormick
48289;John Madden
243;Stephen Frears
6933;Eric Valette
17182;John Schlesinger
8848;Roger Donaldson
38;Michel Gondry
38303;Andy Fickman
1266;David Ayer
107985;Edgar Wright
14043;Andrew Fleming
19901;Michael Spierig
34016;Jim Field Smith
59860;Thomas Bezucha
10069;William Brent Bell
9588;Simon Wincer
12819;Ben Gluck
9954;Renny Harlin
10115;Jessica Bendinger
25132;Robert Rodriguez
577;Gus Van Sant
328387;Henry Joost
12690;Ed Harris
9945;John Carpenter
539;Alfred Hitchcock
13596;Howard Deutch
226857;Shana Feste
13159;Garry Marshall
47941;Steve Rash
526;Richard Donner
22796;Mark Steven Johnson
2355;Mike Binder
5915;Sean Penn
9842;Todd Phillips
61012;Michael J. Bassett
755;Robert Rodriguez
13682;Frank Nissen
9089;Jodie Foster
9470;Stephen Chow
18357;Peter Hastings
7979;Marc Forster
470;Alejandro González Iñárritu
15644;Paul Abascal
9582;Chris Koch
10642;Amy Heckerling
22074;Michael Moore
2428;George Stevens
290751;Billy Ray
13805;Jason Friedberg
4597;Nimród Antal
9414;Jon Amiel
63492;Mark Mylod
81796;Stephen St. Leger
10710;Barry Levinson
15092;Brian Taylor
11382;Woody Allen
15005;Michael O. Sajbel
8198;Phillip Noyce
6963;Gore Verbinski
15070;Walter Hill
12797;David Koepp
17134;Renny Harlin
41402;Matt Reeves
18885;Charles T. Kanganis
4953;Michel Gondry
10773;Stephen Frears
146198;John Hillcoat
2639;Woody Allen
10563;Damon Santostefano
295964;John Wells
5971;Neil Jordan
9716;Woody Allen
11835;James Wan
26171;Kirk Jones
31117;Bob Clark
9074;Les Mayfield
14396;Les Mayfield
15673;Michael Lembeck
42618;Bob Fosse
171274;Paul Thomas Anderson
24432;Frank Passingham
109417;Benson Lee
13948;David Zucker
106747;Robert Rodriguez
10929;Glen Morgan
14220;Fred Wolf
46435;Mike Leigh
256962;Alejandro Monteverde
48231;David Cronenberg
3509;Richard Linklater
82684;Curtis Hanson
12142;Uwe Boll
23367;Todd Graff
10740;Jonathan Glazer
241239;J.C. Chandor
14582;Paul Gross
14914;Marc Abraham
3902;Todd Haynes
77948;Mabrouk El Mechri
21755;Rian Johnson
4960;Charlie Kaufman
128;Hayao Miyazaki
14652;Jean-Paul Rappeneau
40932;Nancy Walker
16608;John Hillcoat
334531;Angelo Pizzo
32316;Richard Benjamin
7299;Kurt Wimmer
13405;Roger Spottiswoode
19457;James Gray
112937;Matthew Diamond
314385;Angelina Jolie
8953;Katsuhiro ?tomo
29078;David Anspaugh
46503;Andrew Jarecki
10448;Kevin Reynolds
13688;Stephen Chow
10353;Jean-Marie Poiré
43935;Kevin Munroe
11458;Daniel Algrant
44638;Julie Taymor
241257;Alejandro Amenábar
14538;Daniel Lee
13250;Mike Barker
133931;Wayne Thornley
280871;Gnana Rajasekaran
239897;Tom Walsh
184341;Jonathan Jakubowicz
334074;James McTeigue
199373;Scott Walker
14202;John Curran
6968;Uli Edel
581;Kevin Costner
52449;Jake Kasdan
12150;Harold Becker
11247;Mark Rosman
4232;Wes Craven
9378;Steve Beck
694;Stanley Kubrick
105;Robert Zemeckis
11377;William Malone
26367;Tyler Perry
385383;Rob Hawk
41210;Josh Gordon
12090;Shawn Levy
62630;Lee Tamahori
16110;Britt Allcroft
29427;Breck Eisner
129;Hayao Miyazaki
244114;Alan Yuen
2669;Roger Donaldson
203833;Brian Percival
13523;Sean Anders
25195;Anand Tucker
17277;Anthony Mann
50725;Michael Dowse
82631;Daniel Barnz
73191;Emile Ardolino
22479;Robert Altman
340611;James Schamus
10065;Andrew Douglas
2757;Spike Jonze
11683;George A. Romero
244339;Danny Pang
1878;Terry Gilliam
23082;Ricky Gervais
195589;Nicholas Stoller
854;Chuck Russell
2280;Penny Marshall
496;Larry Charles
8835;Robert Luketic
157;Leonard Nimoy
8643;Scott Derrickson
10402;Mike Mitchell
218043;Vic Armstrong
9043;Thomas Bezucha
21301;Kevin Rodney Sullivan
10147;Terry Zwigoff
816;Jay Roach
302688;Kirk Jones
60307;David Bowers
106;John McTiernan
279;Milo¨ Forman
8617;Nelson McCormick
10625;Mark Waters
10934;Audrey Wells
5279;Robert Altman
10013;Francis Ford Coppola
194662;Alejandro González Iñárritu
160588;Woody Allen
9829;Paul Greengrass
10028;Bille Woodruff
10535;Rick Friedberg
790;John Carpenter
43959;Sean McNamara
10364;Mike Nichols
16991;Jody Hill
9610;Richard Fleischer
1578;Martin Scorsese
25643;Brandon Camp
11904;Barry Levinson
28665;Kevin Tancharoen
44115;Danny Boyle
10569;Woody Allen
10560;Nicholas Hytner
333348;Jessie Nelson
20483;Bart Freundlich
11457;Irwin Winkler
321697;Danny Boyle
19840;Chris Columbus
22327;Miguel Arteta
38665;William A. Fraker
2575;John Boorman
11644;Brian De Palma
146227;Courtney Solomon
68924;Ang Lee
253235;Rob Reiner
22102;Jeff Kanew
18701;István Szabó
10068;Adrian Lyne
848;Matthew Robbins
36811;Michael Hoffman
522;Tim Burton
130150;Jason Reitman
12246;Sergei Bodrov
13809;Guy Ritchie
27380;Hal Needham
10549;Kenneth Branagh
33870;Bruce Beresford
245703;Jeff Nichols
10739;Woody Allen
127560;Jonathan Teplitzky
37903;Michael Haneke
396152;Zack Ward
10017;Mike Marvin
11468;D.J. Caruso
193613;Nimród Antal
17436;Gregor Jordan
43434;Olivier Assayas
31166;Tran Anh Hung
69848;Lance Hool
8408;George A. Romero
332411;Chuck Russell
9389;Christian Volckman
9626;Richard Fleischer
75638;Rodrigo Cortés
8363;Greg Mottola
15670;Tyler Perry
290555;David Hayter
8328;Jon M. Chu
10982;Cory Edwards
205;Terry George
1620;Xavier Gens
175541;Kasi Lemmons
241254;Brian A Miller
31932;Matt Dillon
1933;Alejandro Amenábar
679;James Cameron
11113;George Cukor
3597;Jim Gillespie
193893;Luke Greenfield
9675;Alexander Payne
9988;Jay Chandrasekhar
948;John Carpenter
21765;John Robert Hoffman
146304;Malcolm D. Lee
7516;Joe Carnahan
41439;Kevin Greutert
2752;Michael Lehmann
9429;John Fortenberry
38117;Daniel Barnz
9792;Alexandre Aja
13778;Sam Weisman
228203;Niki Caro
41382;Erik White
13960;Christian Robinson
114150;Jason Moore
26602;Mike Tollin
10223;Sam Raimi
16028;Robert Harmon
15639;Trent Cooper
16112;Gary Halvorson
26390;Antoine Fuqua
27759;Nicholas Ray
109428;Fede Alvarez
23049;Donald Petrie
9310;Paul Weitz
11411;Sidney J. Furie
16988;Ian Iqbal Rashid
7304;Wayne Kramer
24747;Rowdy Herrington
58048;Jim Goddard
1491;Neil Burger
2989;Noel Marshall
10629;Joel Schumacher
255343;Andrea Di Stefano
4723;Richard Kelly
10800;Guillaume Ivernel
25763;Jack Smight
79694;Todd Lincoln 
4032;Howard Zieff
18615;Steven Shainberg
10673;Oliver Stone
4584;Ang Lee
2977;Julian Jarrold
10760;Joe Nussbaum
11093;Vadim Perelman
207;Peter Weir
8467;Bobby Farrelly
639;Rob Reiner
24226;Sidney Lumet
9285;Todd Phillips
14709;Brian Robbins
74643;Michel Hazanavicius
13788;David S. Goyer
83666;Wes Anderson
10781;Jonathan Liebesman
318850;Cyrus Nowrasteh
13908;Perry Andelin Blake
1417;Guillermo del Toro
39180;John Whitesell
16161;John Singleton
49950;Christian E. Christiansen
10956;Dennie Gordon
9594;Sheldon Lettich
4638;Edgar Wright
13972;Diane English
5038;Woody Allen
13491;Peter Flinth
10571;Robert Iscove
10994;Peter Kosminsky
19994;Karyn Kusama
25166;Nick Gomez
30890;Woody Allen
23169;Allen Coulter
17403;Clare Kilner
12120;Richard Benjamin
9800;Jonathan Demme
1090;Josef Rusnak
18475;Lance Rivera
40160;Ronald Neame
18074;Bruce Paltrow
9689;Woody Allen
9781;Adam Rifkin
8009;Russell Mulcahy
3877;Susanne Bier
8854;Kenneth Johnson
152599;James Gray
18840;James Ivory
68727;Danny Boyle
12657;Jessy Terrero
8265;Dany Boon
12410;Vicente Amorim
34647;Gaspar Noé
73935;Amy Heckerling
28178;Lasse Hallström
185567;Jérôme Salle
264656;Tommy Lee Jones
35696;Jesse Vaughan
16351;Atom Egoyan
38717;William Bindley
18777;Wayne Beach
2110;Gérard Krawczyk
9035;James Gunn
90;Martin Brest
771;Chris Columbus
12154;Leonard Nimoy
9576;Sydney Pollack
744;Tony Scott
146;Ang Lee
14;Sam Mendes
45269;Tom Hooper
9493;Ivan Reitman
22556;Udayan Prasad
873;Steven Spielberg
33196;Yoon Je-kyoon
205596;Morten Tyldum
10765;Howard Zieff
16769;Michael Apted
33217;Thor Freudenthal
132232;Andy Muschietti
11153;Harold Ramis
208134;Jeff Tremaine
1165;Stephen Frears
4011;Tim Burton
17202;Tyler Perry
9587;Gillian Armstrong
65086;James Watkins
10053;Simon West
11870;Shawn Levy
11778;Michael Cimino
586;Barry Levinson
18736;Jim Fall
134411;Ric Roman Waugh
287903;Michael Dougherty
9276;Robert Rodriguez
15765;Brian Gibson
2142;James Mangold
11397;Joel Gallen
77016;David Ayer
11478;Rob Cohen
266856;James Marsh
13411;John Whitesell
10564;Matt Williams
947;David Lean
24150;Rob Zombie
228970;Jean-Marc Vallée
18405;Dennis Iliadis
6961;Clare Kilner
11442;Rick Rosenthal
2493;Rob Reiner
14047;Denzel Washington
64690;Nicolas Winding Refn
11132;Sara Sugarman
17127;Nicholas Hytner
1562;Juan Carlos Fresnadillo
232679;Thomas Carter
17880;Wayne Wang
14736;Gina Prince-Bythewood
9434;George Armitage
23706;Phil Traill
11531;Joe Berlinger
9100;Andrew Fleming
116;Woody Allen
38843;Elizabeth Allen Rosenbaum
1245;James Ivory
4995;Paul Thomas Anderson
10413;Robert Harmon
14012;Michael Mayer
9793;Martin Weisz
12212;John Ottman
13768;Jay Russell
8975;John Bonito
342521;Peter Atencio
45272;Shana Feste
9424;David Nutter
97367;Derek Cianfrance
254904;Roger Donaldson
18681;Stephan Elliott
12162;Kathryn Bigelow
11495;Mark L. Lester
64689;Andrew Dominik
157849;Anton Corbijn
13166;Tom Green
15511;Mike Nawrocki
37003;Mark Pellington
12211;Douglas Aarniokoski
13816;Bryan Barber
51828;Lone Scherfig
22798;Drew Barrymore
7501;Brian Koppelman
10743;James Foley
37718;Albert Brooks
15237;Irwin Winkler
9686;Francis Ford Coppola
17644;Steve Gomer
97430;RZA
12257;Dean Parisot
13539;Mark Piznarski
68;Terry Gilliam
14024;Sean McNamara
115;Joel Coen
7874;Craig Brewer
4911;Ron Shelton
1988;Michael Winterbottom
16222;David Raynr
9557;Mort Nathan
9026;Oliver Parker
57943;Dan Curtis
18276;Wil Shriner
8321;Martin McDonagh
72359;Tina Gordon Chism
10186;Peter Cattaneo
25704;Vicky Jenson
133694;Gus Van Sant
19265;Woody Allen
36047;Mary Lambert
8053;Tommy Lee Jones
2290;Peter Kassovitz
5236;Shane Black
6552;Rodman Flender
1018;David Lynch
10075;Katja von Garnier
38031;Woody Allen
42188;Mark Romanek
112430;Mikael Salomon
6687;Brad Anderson
13853;Michael Chapman
31306;Antonio Banderas
8461;Michael Haneke
331592;Khalil Sullins
47692;Atom Egoyan
19;Fritz Lang
10045;Pierre Morel
400;Gary Fleder
253450;Hou Hsiao-hsien
9104;Gregor Jordan
11190;Andrey Zvyagintsev
16353;Tony Jaa
23759;Neil Marshall
24206;Russell Mulcahy
10185;Ryûhei Kitamura
75033;Darrell James Roodt
74536;Dito Montiel
31668;Stefan Ruzowitzky
13501;Jake Paltrow
15208;Juraj Jakubisko
172391;Anthony Silverston
262543;Gabe Ibáñez
9288;Gerry Lively
370980;Daniele Luchetti
20083;Derek Yee Tung-Sing
40880;Julien Temple
137;Harold Ramis
264999;Gregory Jacobs
454;Baz Luhrmann
53457;Gilles Paquet-Brenner
288980;Peter Cousens
33;Clint Eastwood
1951;Lars von Trier
12405;Danny Boyle
10998;Adrian Lyne
114;Garry Marshall
9396;John Cornell
319910;Vidhu Vinod Chopra
2604;Oliver Stone
864;Jon Turteltaub
14435;Patrick Lussier
1931;Sylvain White
691;Lewis Gilbert
9877;Jamie Blanks
62008;Tyler Perry
12227;Randal Kleiser
13824;Bruce McCulloch
71688;Phyllida Lloyd
15173;Phil Vischer
8291;John Singleton
13950;Kevin Bray
12158;Wes Craven
11586;John Boorman
10008;Courtney Solomon
2830;David Zucker
12403;David Twohy
34563;Rick Famuyiwa
14557;Alan Cohn
10368;Franco Zeffirelli
10280;Tom Holland
12637;Martin Scorsese
34152;Spike Lee
14434;Chris Rock
11470;James Isaac
10741;Emilio Estevez
24940;Mark Waters
82679;Josh Schwartz
2013;Julian Schnabel
1440;Todd Field
18041;Davis Guggenheim
28029;Tony Goldwyn
1123;Phillip Noyce
14033;Stephen Carpenter
87729;James Ivory
16899;Stephan Elliott
41317;James Fargo
245700;Mike Leigh
37842;Alain Resnais
9045;Costa-Gavras
44092;John Woo
16005;Neil Burger
44754;Kenneth Lonergan
23988;Bo Zenga
43949;Rob Reiner
142;Ang Lee
9603;Amy Heckerling
10712;Todd Haynes
243938;Steve Pink
10876;Philip Kaufman
86838;Martin McDonagh
25208;Kasi Lemmons
613;Oliver Hirschbiegel
1913;Alejandro Amenábar
97370;Jonathan Glazer
801;Barry Levinson
70829;Shim Hyung-Rae
54518;Jon M. Chu
44214;Darren Aronofsky
240;Francis Ford Coppola
9816;Thomas Carter
10131;Renny Harlin
339984;Patricia Riggen
8859;Danny Leiner
11967;Christopher Cain
239563;Theodore Melfi
222899;Steve Pink
4951;Gil Junger
10985;Ed Decter
9644;Gene Quintano
332567;Jaume Collet-Serra
1954;Eric Bress
15489;Chris Koch
15250;Preston A. Whitmore II
22345;Bob Clark
9448;Kirk Wong
38223;Bronwen Hughes
11186;John Lafia
136835;Sam Miller
5876;Frank Darabont
264660;Alex Garland
492;Spike Jonze
25462;Mark Brown
238603;Dave Green
10691;John Stockwell
1251;Clint Eastwood
5172;Michael Polish
58680;Daisy von Scherler Mayer
264644;Lenny Abrahamson
14577;Bob Saget
11592;John Waters
16406;Andrew Fleming
19052;Craig Bolotin
3682;Mark Christopher
9683;Blair Hayes
2084;Jez Butterworth
107811;Jon Lucas
2266;Isabel Coixet
13074;Rod Lurie
144340;Paul Weitz
48217;Patrice Leconte
28211;Atom Egoyan
47502;Paul Mazursky
9950;Sidney Lumet
84892;Stephen Chbosky
24227;Jon Hess
9672;Douglas McGrath
44853;Michael Winterbottom
157544;Mark Neveldine
59678;Joe Cornish
79777;Angelina Jolie
158011;Brad Anderson
407887;John H. Lee
17043;John Stainton
8952;Glenn Ficarra
62204;Jean-Jacques Annaud
13435;Denzel Washington
17187;Michael Hoffman
319;Tony Scott
59457;Benedek Fliegauf
9504;James Foley
37414;Michael Winterbottom
6217;Paul Schrader
26688;Stewart Hendler
43867;John Cromwell
6615;Craig Gillespie
14574;Mark Herman
16;Lars von Trier
39780;Gillian Armstrong
21612;Abel Ferrara
36691;Brian Koppelman
23631;Robert Rodriguez
45324;George Hickenlooper
12144;Don Bluth
11658;Kang Je-gyu
56601;William Dear
9552;William Friedkin
578;Steven Spielberg
2105;Chris Weitz
126319;Stéphane Aubier
10136;Michael Ritchie
67660;Tim Story
10611;Tim Story
154;Nicholas Meyer
3049;Tom Shadyac
860;John Badham
9281;Peter Weir
75674;Mike McCoy
9762;Anne Fletcher
3179;Mike Judge
184;Quentin Tarantino
13335;Jon Hurwitz
76726;Josh Trank
10269;Barbra Streisand
36819;Terry Gilliam
17130;Tamra Davis
57214;Nima Nourizadeh
11202;Franklin J. Schaffner
9357;Mark Romanek
13812;John Erick Dowdle
9030;David Moreau
19084;Christopher Erskin
8386;Jesse Dylan
10437;Brian Henson
1360;Julie Taymor
101267;Dan Cutforth
222935;Josh Boone
10220;John Dahl
284296;Chris Rock
31915;John Frankenheimer
11601;David Koepp
205220;Stephen Frears
11354;Mike Binder
16241;Franklin J. Schaffner
14191;Elizabeth Allen Rosenbaum
286565;Jake Schreier
26710;Cheryl Dunye
129670;Alexander Payne
9059;Ernest R. Dickerson
34549;Tim Hill
57157;Jason Reitman
1948;Brian Taylor
28353;Lionel C. Martin
46889;Richard LaGravenese
38093;Sanaa Hamri
14976;Jonathan Demme
11027;Bob Rafelson
3635;Peter Webber
387;Wolfgang Petersen
6020;Wallace Wolodarsky
122906;Richard Curtis
9550;Zhang Yimou
60599;Nicholas Jarecki
227719;Dean Israelite
14299;Darnell Martin
19419;Scott Alexander
12088;Stuart Gordon
14799;Christopher Guest
9466;Woody Allen
7510;Ryan Murphy
31246;Robert Iscove
61752;Spike Lee
10944;Jane Campion
10362;James Gray
14778;Fred Schepisi
1255;Bong Joon-ho
45226;Roger Spottiswoode
10212;Antonia Bird
8669;Jon Poll
179144;Paolo Sorrentino
16857;Peter Care
86825;Park Chan-wook
844;Wong Kar-wai
8060;Ira Sachs
15907;Carroll Ballard
38448;Neil Jordan
327;Takeshi Kitano
9260;Anthony Russo
61337;Sidney Lumet
13079;Vadim Perelman
89325;Lawrence Kasdan
4170;Marco Kreuzpaintner
41508;Lajos Koltai
12479;Alan Rudolph
44555;Zhang Yimou
10133;Vincenzo Natali
21345;Lu Chuan
173931;Lijun Sun
61984;Takashi Yamazaki
50601;Renny Harlin
26466;Christopher Smith
345003;Timothy Hines
236751;Randall Wallace
107;Guy Ritchie
357837;David Winters
8913;Mary Lambert
13889;Akira Kurosawa
18530;Jamie Thraves
358451;Mabel Cheung
927;Joe Dante
11;George Lucas
291870;Dan Mazer
907;David Lean
206563;Stephen Daldry
11887;Kenny Ortega
45317;David O. Russell
12094;Jeff Tremaine
10377;Jonathan Lynn
249164;R.J. Cutler
256092;Brian Trenchard-Smith
9942;David S. Ward
10748;Barnaby Thompson
1817;Joel Schumacher
10229;Adam Shankman
687;Tim Robbins
796;Roger Kumble
22804;Kevin Greutert
10156;Mel Brooks
12837;Gina Prince-Bythewood
17708;Rob Pritts
13937;Brian De Palma
28932;Norman Jewison
31909;Tobe Hooper
167073;John Crowley
3175;Stanley Kubrick
14369;Brendan Malloy
16888;Reginald Hudlin
121826;Dustin Hoffman
10646;Gregory Poirier
12149;Bill Paxton
304357;Simon Curtis
11184;Bill Condon
766;Sam Raimi
20009;Dewey Nicks
1587;Lasse Hallström
30973;Philip Saville
11109;Mike Leigh
9027;Daisy von Scherler Mayer
63020;Mira Nair
86829;Joel Coen
11065;Tim Blake Nelson
13888;William A. Graham
42345;Martin Ritt
13994;John Turturro
1590;Agnieszka Holland
62728;Rowan Joffe
11917;David Hackl
45138;Giuliano Montaldo
80271;Lisa Azuelos
4657;Ray Lawrence
14395;Karan Johar
24137;Oliver Parker
190847;Ruairi Robinson
11056;Jaume Balagueró
62;Stanley Kubrick
601;Steven Spielberg
13067;Jon Kasdan
25379;Léa Pool
88641;Floyd Mutrux
58051;Sajid Khan
14877;Christopher Cain
96399;Dean Wright
304410;Eric Lartigau
489;Gus Van Sant
373314;Shintaro Shimosawa
214;Darren Lynn Bousman
10890;Ivan Reitman
1588;Peyton Reed
316727;James DeMonaco
10314;Robert Iscove
663;Darren Lynn Bousman
11804;Geoffrey Sax
16781;Tyler Perry
11873;Martin Scorsese
9289;Bernhard Wicki
10414;Stephen Herek
1970;Takashi Shimizu
9614;Dennis Dugan
8922;Victor Salva
1648;Stephen Herek
17917;Carol Reed
74534;John Madden
19405;Chuck Sheetz
9355;George Miller
10999;Mark L. Lester
321258;William Brent Bell
44040;John Erick Dowdle
10426;Marcus Raboy
280092;Leigh Whannell
13938;Michael Schultz
10163;Brett Leonard
12182;Peter Sollett
1832;Kevin Smith
9034;Bob Dolman
15301;Steven Spielberg
10135;Rowdy Herrington
26352;Keenen Ivory Wayans
20616;John Polson
9794;Greg Coolidge
15037;Deborah Kaplan
227;Francis Ford Coppola
294272;David Lowery
11336;David Cronenberg
283445;Ciaran Foy
88036;Salim Akil
10984;Jamie Blanks
22824;Olatunde Osunsanmi
9526;Robert Altman
39349;Leon Ichaso
15983;Joseph Zito
14544;Malcolm D. Lee
11545;Wes Anderson
42684;Colin Strause
268238;John Madden
8359;Patricia Rozema
15648;Mark Rosman
41823;Spike Lee
11891;Steve Oedekerk
9362;Ron Underwood
9902;Rob Schmidt
14729;Walter Hill
9455;James Foley
103731;Jeff Nichols
10090;Ben Garant
164558;Morgan Spurlock
19905;Neal Brennan
17710;Tuck Tucker
75900;Simon Curtis
9515;Richard Shepard
27322;Theodore Witcher
328425;Joel Edgerton
14120;Jim Hanon
10050;Tommy O'Haver
1542;Mike Judge
10490;Michael Patrick Jann
87093;Tim Burton
10029;Peter Berg
9893;Joe Nussbaum
11507;Brian De Palma
37931;Jorma Taccone
3472;Stephen Frears
87818;Griffin Dunne
13160;Jeff Lowell
88005;Lorene Scafaria
52067;Miguel Arteta
73;Tony Kaye
134597;Marcus Dunstan
24034;Timothy Bjorklund
14283;François Girard
404;David Lynch
13201;Scott Kalvert
209403;Jason Bateman
7942;David Schwimmer
73247;Allan Arkush
253331;Mike Binder
34043;Eric Bross
9952;Werner Herzog
256924;Dan Fogelman
82532;Jay Duplass
41110;Luca Guadagnino
134371;John Putch
2088;Peter Medak
10388;Steven Soderbergh
1640;Paul Haggis
25520;Terence Davies
27342;Harley Cokeliss
13689;Victor Salva
67911;Tom Brady
24664;Spike Lee
329440;Jason Zada
47890;Franklin J. Schaffner
252512;Noah Baumbach
55720;Chris Weitz
9613;David Cronenberg
29076;Eric Blakeney
29339;Douglas McGrath
68812;Ariel Vromen
32740;Rakesh Roshan
14195;John Waters
73567;William Friedkin
41479;Derrick Borte
15394;Richard Kwietniowski
10071;Bob Odenkirk
1989;Wong Kar-wai
91076;John Turturro
12779;Guy Ritchie
13191;Joshua Seftel
11770;Stephen Chow
12703;Vincent Gallo
64559;Claude Chabrol
222649;Jon Stewart
115872;Bigas Luna
101173;Ralph Fiennes
25350;Dan Harris
10034;Mel Smith
20178;Bobcat Goldthwait
5072;Christopher Smith
18191;Stuart Gordon
31007;Jake Scott
11546;Alan Metter
41894;Jeb Stuart
184374;Rafa Lara
268171;Michael Radford
78149;Alan Smithee
24663;Michael Meredith
39037;Julio DePietro
22805;Katherine Dieckmann
39055;William Dear
245846;Kim Farrant
25186;Marcus Raboy
15017;Scott Marshall Smith
12245;Álex de la Iglesia
49787;Andrew Traucki
16358;Michael Clancy
7006;Patrick Lussier
66767;Robert Adetuyi
17622;Kari Skogland
283671;Taedong Park
18516;Paul Schrader
217708;Benedikt Erlingsson
42057;Gurinder Chadha
17577;Jason Connery
14608;Vic Sarin
34417;Jim Issa
15067;Kim Jee-woon
78383;Douglas Aarniokoski
43090;William Phillips
16614;Greg Mottola
9700;Andy García
10471;Steve Carr
250066;Sarik Andreasyan
667;Lewis Gilbert
208869;Julian Gilbey
86837;Michael Haneke
10306;Gary Sherman
106845;Valeri Milev
11576;Stanley Kramer
219;Pedro Almodóvar
11827;Gerald Potterton
22820;Jared Hess
31174;Richard Loncraine
244316;David Hackl
37737;Anurag Basu
62215;Lars von Trier
66125;Kriv Stenders
132316;Yash Chopra
348;Ridley Scott
30497;Tobe Hooper
27586;Floria Sigismondi
14811;Norman Jewison
660;Terence Young
68684;Joseph Kahn
40794;Ferzan Ozpetek
9400;F. Gary Gray
16162;Malcolm D. Lee
10585;Tom Holland
2359;Michael Moore
238636;James DeMonaco
10472;Kris Isacsson
11282;Danny Leiner
6521;Rod Lurie
14181;Ben Younger
1621;John Landis
9656;Glen Morgan
16428;Daniel Taplitz
10705;Kenneth Branagh
8272;Tamara Jenkins
24621;Linda Mendoza
1619;Christopher McQuarrie
9685;Burr Steers
14425;Hart Bochner
14624;Michael O. Sajbel
10179;Stewart Raffill
15568;Davis Guggenheim
14057;Bart Freundlich
12621;Andrew Fleming
1808;Todd Haynes
293670;Na Hong-jin
67675;Kevin Tancharoen
27329;Chatrichalerm Yukol
29514;George A. Romero
250349;Eric Lavaine
12454;Mike Leigh
39806;Marc Forby
15699;Peter Cattaneo
8883;Ole Christian Madsen
17926;Meiert Avis
291081;Julian Jarrold
41248;André Téchiné
25968;Emily Young
9671;Peter Faiman
52010;Martyn Pick
11588;Roland Suso Richter
43418;Jeremy Sims
71157;Maïwenn
13483;Joby Harold
333355;Genndy Tartakovsky
327833;Ekachai Uekrongtham
1547;Joel Schumacher
25196;Scott Cooper
16323;Mark Rydell
175528;David E. Talbert
8069;Roger Vadim
71805;Nils Gaup
9451;Alexander Payne
16727;Mira Nair
272693;Ari Sandel
10696;Vondie Curtis-Hall
150202;Tom Elkins
19644;Kang Woo-Suk
29963;Jane Campion
26022;Karan Johar
152747;J.C. Chandor
62676;John Sayles
20360;Vipul Amrutlal Shah
1116;Ken Loach
185008;Ayan Mukherjee
11620;Mervyn LeRoy
14353;Darren Lynn Bousman
11818;Serdar Akar
680;Quentin Tarantino
11176;James Frawley
242582;Dan Gilroy
11217;Jay Chandrasekhar
15121;Robert Wise
2619;Ron Howard
773;Jonathan Dayton
235;Rob Reiner
170;Danny Boyle
14114;Chris Stokes
10734;Don Siegel
37964;Rick Famuyiwa
28121;Martin Lawrence
40807;Jonathan Levine
10885;Masayuki Ochiai
225565;Tom Gormican
16471;Ken Shapiro
385736;Justin Tipping
11971;Kenneth Branagh
668;Peter R. Hunt
11596;Wes Craven
14429;John Schultz
13751;Doug Atchison
9490;Tamra Davis
14536;Jonas Elmer
1359;Mary Harron
9962;Miguel Arteta
15049;Erik Canuel
22821;Troy Duffy
42819;James Ivory
209263;Nicole Holofcener
37735;Will Gluck
59930;Matty Rich
10873;E. Elias Merhige
51588;Joe Nussbaum
23570;Matt Reeves
19489;Steve Rash
14629;Fina Torres
8293;James Ivory
291270;Charlie Kaufman
44009;Mike Leigh
1958;François Ozon
13154;Mark L. Lester
26618;David Dobkin
43923;Ryan Fleck
46138;Nigel Cole
45791;Anand Tucker
26306;Steve James
110683;Michael Winner
26963;Tomm Moore
198277;John Carney
7870;David Jacobson
13072;Michael Corrente
153397;Edward Hall
30141;Keith Gordon
17044;David Leland
10288;Andrew Currie
12183;Luke Wilson
44147;Jonathan Lynn
12192;Marc Schölermann
36597;Coky Giedroyc
13197;Robert Moresco
10913;Thomas Vinterberg
251321;Claudia Llosa
149;Katsuhiro ?tomo
10425;John Herzfeld
49081;Charles Binamé
256687;Keith Parmer
220488;Dennie Gordon
1544;Ol Parker
374461;Bruce Beresford
302;François Ozon
182873;James Nunn
21512;David Webb Peoples
389425;Michael Winnick
403;Bruce Beresford
29461;George Tillman, Jr.
33542;Stanley Tong
283708;David Oelhoffen
9388;Jason Reitman
1691;Eli Roth
24684;Lone Scherfig
2610;Anand Tucker
11308;Tony Richardson
11022;Joe Carnahan
34341;Paul Gross
15365;Charles Robert Carner
36046;Russell Holt
12569;Mike Judge
24356;Larry Charles
55903;Claude Miller
2577;Michael Winterbottom
103903;Sacha Bennett
73873;Rodrigo García
312113;Jeta Amata
14165;Siddharth Anand
2011;Vincent Paronnaud
45650;Joe Dante
7735;Dennis Gansel
301365;Nicolas Winding Refn
25941;Daniel Barber
29064;Robert Marcarelli
7326;Jason Reitman
326284;Ernie Barbarash
681;Guy Hamilton
238;Francis Ford Coppola
535;Adrian Lyne
19913;Marc Webb
713;Jane Campion
77930;Steven Soderbergh
10727;Jonathan Liebesman
253;Guy Hamilton
17908;Jay Russell
8390;Adam Brooks
57119;Salim Akil
3291;George Clooney
398;Bennett Miller
8068;Robert Rodriguez
10803;Michael Anderson
682;Guy Hamilton
10117;Craig R. Baxley
9392;Neil Marshall
24977;James D. Stern
79316;Matt Bettinelli-Olpin
2074;David O. Russell
1696;Rob Zombie
308639;Rick Famuyiwa
22314;Michael Rymer
2662;Rob Zombie
77156;Sharron Miller
12573;Joel Coen
44718;Aaron Schneider
11342;Steve Miner
241771;Gina Prince-Bythewood
34653;Tom Ford
11051;Martin Scorsese
14578;Michael Corrente
57825;Gurinder Chadha
9555;Phillip Noyce
15581;Don Michael Paul
13006;Tony Maylam
16651;Mitch Davis
4251;Yash Chopra
12400;David Mamet
39053;Jay Duplass
104896;Kevin Brodie
14112;Paul Schrader
12271;George Hickenlooper
71859;Lynne Ramsay
226354;John Stephenson
48620;Tim Chambers
33676;Curtis Hanson
37080;Rodrigo García
25388;Dick Richards
11687;Jean-Marie Poiré
39210;Sofia Coppola
30128;Bob Gosse
31535;Alex Zamm
44835;Spencer Susser
192134;Richard Shepard
1956;Gus Van Sant
24985;Thaddeus O'Sullivan
306745;Peter Sollett
47088;Shari Springer Berman
110402;Aleksey German
27004;Stephen Milburn Anderson
15013;Richard E. Grant
8374;Troy Duffy
277519;David Lam
78381;Francis Ford Coppola
164372;Vladlen Barbe
294512;Richard Rich
8879;Clint Eastwood
13001;Robert C. Cooper
9571;Richard Linklater
13649;Kenny Ortega
325373;Kim Nguyen
334527;Jackie Earle Haley
2211;Max Färberböck
13919;Arie Posin
14576;Damian Nieman
82505;Mark Tonderai
46738;Denis Villeneuve
38970;Gabriele Muccino
41009;Ian Fitzgibbon
7347;José Padilha
250546;John R. Leonetti
38415;Rachel Perkins
650;John Singleton
16620;Luis Valdez
25113;Alan Alda
11033;Brian De Palma
34723;Stephen Sommers
9430;Doug Liman
8998;Nicole Holofcener
10514;Robert Wise
10496;Louis Morneau
1591;Caroline Link
76025;Steve McQueen
4836;Matthew Vaughn
14631;Sterling Van Wagenen
87499;Zal Batmanglij
18923;Michael Mayer
26665;Hans Petter Moland
28089;Oren Moverman
62255;Ian Sharp
5708;Anton Corbijn
218;James Cameron
338;Wolfgang Becker
21641;Tom Hooper
10925;Dan O'Bannon
2293;Kevin Smith
621;Randal Kleiser
792;Oliver Stone
1777;Michael Moore
642;George Roy Hill
433;Robert Stevenson
16619;Robert Redford
1725;Robert Wise
11977;Harold Ramis
20322;Gary Hardwick
16158;Rick Famuyiwa
629;Bryan Singer
10160;Stephen Hopkins
11452;Walt Becker
12163;Darren Aronofsky
32275;King Vidor
13785;Christopher Guest
1103;John Carpenter
36739;Spike Lee
14144;Fred Savage
10622;Sammo Hung
13370;Christopher Guest
11191;Donald Petrie
10215;Peter Howitt
25066;Rusty Cundieff
1523;Kevin Macdonald
11361;Dominique Othenin-Girard
92591;Richard Linklater
57612;Jean-Jacques Mantello
12509;Ed Harris
15256;Risa Bramon Garcia
83686;Brian Klugman
80304;Matt Piedmont
28053;Raymond De Felitta
67913;John Michael McDonagh
13991;Deb Hagan
1443;Sofia Coppola
8545;Mark Herman
19556;Zach Cregger
231576;Zach Braff
16172;Mark Tarlov
13403;John Cameron Mitchell
15797;Sheldon Lettich
347764;Jon Knautz
13537;Billy Ray
20794;David Atkins
31064;Patrick Stettner
576;Sam Peckinpah
13990;Jonathan Levine
11583;Michael Crichton
18602;Lynne Ramsay
27549;Sylvio Tabet
59728;Rick Bieber
10930;Claude Chabrol
32395;Shana Feste
58882;Wayne Wang
7547;Joey Lauren Adams
35944;Peter Cattaneo
42222;Fred Zinnemann
13827;S.R. Bindler
44260;Tony Kaye
9282;Greg Marcks
38940;Perry Lang
35689;Jake Goldberger
97614;Stefan Ruzowitzky
37206;Vic Sarin
58626;William Kaufman
183894;Jim O'Hanlon
837;David Cronenberg
1555;Cédric Klapisch
244783;Kate Barker-Froyland
16564;Martin Koolhoven
168027;Charles Matthau
3482;John Frankenheimer
135595;Christopher Bessette
8982;Prachya Pinkaew
89861;Gary Sinyor
455;Gurinder Chadha
57022;John Sayles
14351;Preston A. Whitmore II
147767;Ashish R. Mohan
10664;Jaume Balagueró
55567;Stewart Raffill
9277;George Roy Hill
9443;Hugh Hudson
16186;Darren Grant
7863;Scott Hicks
138697;Joseph Gordon-Levitt
11901;Clint Eastwood
1548;Terry Zwigoff
11889;Richard Eyre
33155;William Sachs
5528;Christophe Barratier
321;Émile Gaudreault
4997;James Cox
925;Spike Lee
27451;James Toback
73532;Aki Kaurismäki
979;Gaspar Noé
193722;Hitoshi Matsumoto
7913;Rakeysh Omprakash Mehra
253253;Collin Schiffli
51995;George Ratliff
13173;David Wain
22908;Shane Meadows
70670;Morten Tyldum
84204;Jon Wright
25248;Michael McGowan
230266;Liv Ullmann
16633;Jeannot Szwarc
63006;Rohan Sippy
91586;James Wan
215;Darren Lynn Bousman
333371;Dan Trachtenberg
9012;Jeff Tremaine
345911;David F. Sandberg
72571;Henry Joost
242512;Stiles White
10072;Chuck Russell
211954;Eugenio Derbez
82990;Henry Joost
29912;Henry Koster
11843;Blake Edwards
11284;Rachel Talalay
504;Patty Jenkins
173;Richard Fleischer
227348;Christopher B. Landon
1955;David Lynch
152532;Jean-Marc Vallée
243940;David Gelb
77;Christopher Nolan
157547;Mike Flanagan
2295;Kevin Smith
71;Stephen Daldry
147773;Nat Faxon
16096;Doug McHenry
24266;George T. Miller
16508;Maurice Joyce
2895;Robert Duvall
15660;Frank Perry
59968;Jesse Peretz
323677;Stephen Hopkins
19848;Ice Cube
256274;John Erick Dowdle
235271;Bille Woodruff
45153;Kasi Lemmons
284293;Richard Glatzer
24973;Michael Curtiz
21610;Bruce Malmuth
10283;Rob Hedden
8346;Joel Zwick
122081;Harmony Korine
10987;Joe Chappelle
1391;Alfonso Cuarón
747;Edgar Wright
14745;Mickey Liddell
26748;John Sayles
11357;Dwight H. Little
24913;Fred Walton
13776;Barry Levinson
14854;Steve Carver
50357;Gonzalo López-Gallego
13090;Christine Jeffs
192141;John Erick Dowdle
16441;Don Coscarelli
29996;King Vidor
351819;Michael Tiddes
14834;Bill Duke
22649;Frank Borzage
378200;Bille Woodruff
20455;Mamoru Hosoda
13193;Brian Dannelly
11042;Denys Arcand
10786;Richard Lester
12484;J.S. Cardone
17339;Guy Hamilton
11959;Jay Levey
9900;Nicholaus Goossen
14662;Tamara Jenkins
335;Sergio Leone
15745;Jon Favreau
17431;Duncan Jones
21014;Scott Marshall
78394;Ronan Chapalain
10217;Atom Egoyan
46332;Xavier Beauvois
13996;Randall Miller
3028;Jerry Belson
1024;Peter Jackson
343795;Michael Polish
45658;Dan Rush
16148;Jake Kasdan
4553;Brad Anderson
36351;Paul Schrader
245916;Michael Cuesta
27585;John Cameron Mitchell
1415;Fenton Bailey
313922;Jeremy Saulnier
14474;Billy Kent
199933;James Manera
13685;Wes Anderson
8744;Kevin Spacey
38428;Feroz Abbas Khan
8847;Errol Morris
39269;Dennis Hopper
46838;Eli Craig
51384;Nicholas Fackler
56930;Richard Wallace
41730;Morgan J. Freeman
18442;Matthew Hastings
298312;M. Night Shyamalan
11600;Brian De Palma
71547;Klaus Menzel
57876;Oren Peli
77495;Jaume Balagueró
13849;Paul Andrew Williams
14849;Stephen Herek
12486;Bob Saget
244403;William H. Macy
292481;Barrett Esposito
340816;Mitch Davis
78814;Eric Bross
297596;Paul Schrader
299552;Vicky Jewson
11935;Peter Hyams
113406;Marcia Bennett
290825;Kevin Smith
361159;Stanton Barrett
12555;Ji?í Menzel
31175;Fatih Akin
12498;Billy Bob Thornton
77949;Nick Murphy 
1690;Eli Roth
8435;Michael Winterbottom
64720;Jeff Nichols
49365;Frank LaLoggia
11404;Jeremy Brock
300706;Scott Foley
16337;Tobe Hooper
11577;Sam Peckinpah
77987;Nicolas Winding Refn
40185;Christophe Ali
68202;Gabriela Tagliavini
8981;Shona Auerbach
10914;Leonard Farlinger
50848;Michel Leclerc
166624;Analeine Cal y Mayor
10822;Tom Kalin
10844;Robert Sarkies
9336;Hugh Wilson
5689;Randal Kleiser
712;Mike Newell
13342;Amy Heckerling
10339;John Huston
1429;Spike Lee
9303;Lilly Wachowski
641;Darren Aronofsky
27686;Walter Lang
65749;Carlos Saura
6106;Oliver Stone
252680;Jon Erwin
141;Richard Kelly
66607;Beto Gómez
17139;Mike van Diem
12079;Jonas Åkerlund
39800;Todd Solondz
4550;Park Chan-wook
62116;René Féret
9991;Barry Skolnick
13807;Johnnie To
68818;Mateo Gil
12093;Lukas Moodysson
36419;Agnieszka Wojtowicz-Vosloo
281730;Kabir Sadanand
510;Milo¨ Forman
362105;Peter DeLuise
10970;Mel Brooks
375290;Raja Menon
17663;Kevin Sullivan
270938;Ernie Barbarash
116613;Nick Love
11826;Jonathan Glazer
29920;Daniel Espinosa
1088;Niki Caro
34069;Ivan Engler
10947;Kenny Ortega
47452;Richard Kwietniowski
3040;Timur Bekmambetov
11386;Neil Jordan
10246;Bob Clark
29426;George A. Romero
10331;George A. Romero
153;Sofia Coppola
703;Woody Allen
27191;Cecil B. DeMille
1365;Marc Forster
287424;Henry Hobson
451;Mike Figgis
165864;Duane Journey
987;Billy Wilder
241251;Rob Cohen
40494;Carol Reed
39781;Lisa Cholodenko
8337;John Carpenter
5925;John Sturges
8357;William Arntz
146203;Ed Gass-Donnelly
85350;Richard Linklater
512;Woody Allen
13408;DJ Pooh
47816;DJ Pooh
10744;Wayne Kramer
11536;John Huston
9782;Patrick Stettner
18713;James Melkonian
6537;Juan Antonio Bayona
184345;Michael Tiddes
1809;Roger Avary
2370;Alfred Hitchcock
9809;Bob Odenkirk
5;Allison Anders
11013;Steven Shainberg
19153;Rick de Oliveira
10132;Oliver Stone
16448;Christopher Guest
15122;Jeff Franklin
8141;John Dahl
1546;Mike Mills
48572;Kevin Smith
14517;Dave McKean
89708;Ron Fricke
27551;Ruggero Deodato
64678;Gavin Wiesen
309503;Mora Stephens
14293;Mars Callahan
15059;Mike Figgis
103328;Leos Carax
157847;David Gordon Green
25719;Stefan Schwartz
48309;Renny Harlin
27723;Robert Lee King
20468;Kevin Allen
242575;Jorge Ramírez Suárez
44945;David Schwimmer
29122;Barry Levinson
125123;Sam Miller
111190;Anne Fontaine
133575;Dan Ireland
54580;Fernando León de Aranoa
52015;Jim Mickle
34941;Stephen T. Kay
227975;Karim Aïnouz
60422;Sam Levinson
81390;Julian Gilbey
10981;Vincenzo Natali
225235;Aleksandr Veledinskiy
14902;Peter H. Hunt
121676;Ruba Nadda
22301;James Whale
20065;Edward Burns
257087;Phil Joanou
46420;Sean Byrne
114635;Chris Stokes
158150;Mark Griffiths
251979;Bruce MacDonald
874;Fred Zinnemann
10774;Sidney Lumet
770;Victor Fleming
266102;Richard Raymond
29715;Sam Peckinpah
25209;George Sidney
37495;Chris Morris
29262;Andrucha Waddington
34769;Peter Stebbings
35032;Vincente Minnelli
5178;Dagur Kári
8618;Nicholas Hytner
3116;John Schlesinger
9427;Peter Cattaneo
813;Jerry Zucker
352978;Kevin Carraway
10634;F. Gary Gray
9516;Albert Hughes
16288;Michael Gornick
23330;Sam Peckinpah
18900;Richard Brooks
27029;Fred Zinnemann
26268;Jack Smight
573;Alfred Hitchcock
310131;Robert Eggers
40505;Michael Martin
11363;Edward Burns
3033;Bill Condon
25376;Juan José Campanella
22007;Gideon Raff
765;Sam Raimi
10615;Louis C.K.
205321;Anthony C. Ferrante
89540;Salvador Carrasco
46146;André Øvredal
38007;Robert Cary
14256;Adam Rapp
540;Angela Robinson
370464;Warren P. Sonoda
20055;Amanda Gusack
224569;Avi Nesher
395766;Nick Murphy 
39303;Charles Adelman
142061;Jay Oliva
370662;Charles Ferguson
252360;Uwe Boll
256740;Mark Young
299145;Daniel Petrie, Jr.
241766;Antonio Simoncini
12535;Mel Brooks
1667;Luc Jacquet
50839;J.C. Chandor
86549;Eldar Rapaport
13973;Clark Gregg
244786;Damien Chazelle
598;Fernando Meirelles
11129;Justin Kerrigan
75861;Nathan Frankowski
13551;Karen Moncrieff
103663;Thomas Vinterberg
850;Bob Clark
12586;Alejandro Monteverde
11564;Mark L. Lester
301748;Jonathan Silverman
108346;Eric Styles
8841;Laurent Cantet
805;Roman Polanski
11697;John Ford
22051;Max Mayer
436;Joshua Marston
55347;Mike Mills
10070;John Gulager
8469;John Landis
658;Guy Hamilton
125490;Brandon Cronenberg
1585;Frank Capra
627;Danny Boyle
23618;Spike Lee
41436;Tod Williams
10162;Kirk Jones
1430;Michael Moore
259943;Zhang Yimou
10014;Jack Sholder
11257;James Ivory
158015;James DeMonaco
82507;Scott Derrickson
20337;Martin Lawrence
261;Richard Brooks
1685;Ted Post
20737;Charles Martin Smith
10991;Michael Haigney
10225;Tom McLoughlin
826;David Lean
34086;Patrick Read Johnson
5854;Alfred Hitchcock
284;Billy Wilder
10285;Adam Marcus
5780;Alfred Hitchcock
292;Michel Gondry
223485;John Maclean
29463;Michael Schultz
18065;Benny Boom
22013;Richard Brooks
821;Stanley Kramer
53862;David Raynr
3089;Howard Hawks
30139;Nnegest Likké
132344;Richard Linklater
15582;Christopher Leitch
15158;Don Coscarelli
44634;Michael Schultz
30309;Patricia Cardoso
7509;Deepa Mehta
10557;Damien O'Donnell
23531;Peter M. Cohen
28005;Mira Nair
40247;Nicole Holofcener
252;Mel Stuart
24126;Anthony Hickox
13982;Tom Schulman
16642;Terrence Malick
17734;Jill Sprecher
18892;Darren Stein
549;Julian Schnabel
121986;Noah Baumbach
868;Gavin Hood
10683;Todd Solondz
17995;George Gallo
246403;Kevin Smith
670;Park Chan-wook
35691;David Nixon
49010;Jason Eisener
317930;Enrique Begné
11229;Matthew Bright
22488;Michael Landon Jr.
24469;Andrea Arnold
82533;Whit Stillman
50942;Stuart Gillard
84174;Leslye Headland
34099;Bobby Roth
79940;Tim Heidecker
342;Marco Kreuzpaintner
281230;Michael Worth
38033;Deon Taylor
100975;Jason Alexander
38541;Xavier Gens
39563;Conor McPherson
234212;Will Canon
27404;Philip Zlotorynski
170480;Lance Kawas
71866;Francesca Gregorini
192210;Márcio Garcia
180296;David Wain
157058;Craig Moss
70006;Michael Jai White
26039;John Boorman
79587;Paolo Monico
176077;Youssef Delara
260947;Darin Scott
342502;Christian Sesma
191229;Monte Hellman
43213;Brian Caunter
44594;Chris D'Arienzo
666;Walter Salles
248;Frank Capra
325173;Isaac Florentine
351043;Michael Polish
43942;Heidi Ewing
10226;Alexandre Aja
66942;Leon Ford
356483;Hank Braxtan
10476;Craig Brewer
239;Billy Wilder
10281;John Carl Buechler
630;Victor Fleming
3034;Mel Brooks
13025;George A. Romero
21461;Rajkumar Hirani
55306;Victor Nunez
17264;Carroll Ballard
346081;Rohit Jugraj
16016;Kresten Vestbjerg Andersen
15875;John Ford
5900;Alex van Warmerdam
43306;Victor Fleming
11072;Mel Brooks
9730;Joseph Zito
209274;Pawe? Pawlikowski
26371;James Ivory
14137;Frank Sebastiano
291;Stacy Peralta
14139;Nacho Vigalondo
33106;Ning Hao
8875;Tony Giglio
872;Stanley Donen
72914;Joe Cross
139038;Michael Tiddes
126509;John Sullivan
9591;Tom Hanks
10676;Tommy Lee Wallace
1687;Don Taylor
24748;Martin Ritt
181330;Leslie Small
468;Gus Van Sant
401;Zach Braff
76;Richard Linklater
50538;Éric Tessier
25636;Alison Maclean
19316;Alice Wu
21074;Sarah Gavron
84329;Jake Schreier
20;Isabel Coixet
157386;James Ponsoldt
13007;Larry Charles
13518;Joshua Tickell
116584;Tim Boxell
46849;Michael D. Sellers
40428;Reed Cowan
17334;James Dodson
1698;Stefan Ruzowitzky
20764;Alex Rivera
45132;James Gunn
76706;John Murlowski
254472;Benni Diez
332285;Danny Perez
49471;Spike Lee
13569;Robby Henson
7512;Mike Judge
356216;Zackary Adler
11798;Shane Meadows
146631;Dominic Burns
43546;George Sidney
61038;Carmen Marron
78373;Tim McCanlies
17820;George Sidney
74457;Mario Van Peebles
283384;Jason Stone
19933;Jerry Rees
756;David Hand
433715;Jaco Booyens
9728;Steve Miner
9731;Danny Steinmann
9916;Michael Landon Jr.
309425;Jon Gunn
14156;Hayley Cloake
43610;Tay Garnett
360339;Shyam Madiraju
31163;Harmage Singh Kalirai
297621;Rita Merson
16205;Jon Knautz
887;William Wyler
9517;Larry Clark
6007;Petter Næss
364083;Robert Fontaine
8329;Jaume Balagueró
69640;Patricia Cardoso
347548;Neil Mcenery-West
322443;Anthony O'Brien
657;Terence Young
28165;Lloyd Kaufman
11561;Woody Allen
270303;David Robert Mitchell
11624;Woody Allen
595;Robert Mulligan
8810;George Miller
12207;Liu Chia-Liang
226;Kimberly Peirce
92182;Chris Kentis
582;Florian Henckel von Donnersmarck
72213;Alex Kendrick
990;Robert Rossen
55604;Jack Conway
9662;Sylvain Chomet
20862;Chris Eyre
2771;Shari Springer Berman
80;Richard Linklater
55;Alejandro González Iñárritu
11023;Catherine Hardwicke
33667;Elia Kazan
39013;Debra Granik
11194;Kevin Macdonald
43839;Henry King
1382;Miranda July
44639;Charles Ferguson
301351;Max Joseph
4816;Jim Jarmusch
7873;David Ayer
331190;Jerry Jameson
15186;Steven Soderbergh
17994;Kevin Tenney
1378;John Cameron Mitchell
8885;Ari Folman
12901;Charles Ferguson
250124;Marielle Heller
14284;David Sington
57120;Kelly Reichardt
12228;Fenton Bailey
22617;Bob Giraldi
55561;Jill Sprecher
42889;Huck Botko
10656;Luc Besson
24363;David Duchovny
13121;Mitchell Lichtenstein
24746;Lance Mungia
12109;Michael Dowse
27023;Hue Rhodes
22913;Shane Meadows
273899;Roland Emmerich
67373;Danny Provenzano
171759;Bill Muir
206296;Richard LaGravenese
35219;Noah Buschel
28260;Brian Yuzna
7515;Hunter Richards
13075;Laurie Collyer
335866;Aaron Hann
13510;James Watkins
215881;Catherine Hardwicke
18238;Phil Claydon
22600;Ralph Ziman
12612;John Simpson
50698;Colin Minihan
115210;Conor McMahon
34335;Chris Shadley
459488;Simon Napier-Bell
11302;Woody Allen
119458;Simon Yin
20406;Jeff Crook
3766;Orson Welles
18616;Dave Payne
18808;James Cox
95755;Jonas Åkerlund
198062;Brad Copeland
188652;Paul Bunnell
174311;Phil Morrison
12602;Harald Reinl
153795;James Cox
17768;Richard Lester
13516;Michael Moore
98549;Tanner Beard
312793;Scott Dow
309919;Derick Martini
299553;Jerry Dugan
21309;Tim Hunter
32235;Michael Polish
329540;William Kaufman
26388;Rodrigo Cortés
49020;Richard Ayoade
159037;Jehane Noujaim
12838;Jean-Marc Barr
157293;Remo D'Souza
14048;James Marsh
356987;John Laing
295886;Jamal Hill
38358;Daniel Stamm
33511;Sam Taylor-Johnson
702;Elia Kazan
935;Stanley Kubrick
542;Carlos Carrera
84175;Benh Zeitlin
1705;J. Lee Thompson
62677;Maggie Greenwald
50875;Vera Farmiga
260778;Vijay Chandar
58492;Morgan Spurlock
44562;Jonathan Wacks
37232;Khyentse Norbu
4929;Ted Post
36334;Richard Brooks
9783;Tony Krantz
386826;Mitchell Altieri
205126;W.D. Hogan
98557;Corey Grant
104;Tom Tykwer
10894;Lucky McKee
246449;Richard Boddington
32579;Patricia Riggen
1688;J. Lee Thompson
1999;Todd Field
43947;Steven R. Monroe
24066;Mark Illsley
9709;Pawe? Pawlikowski
191714;Ritesh Batra
25312;Sally Potter
34106;Frank Capra
11426;Fred Zinnemann
13909;John Ford
206284;Brad J. Silverman
27455;Dave Meyers
66468;David M. Matthews
7973;Nadine Labaki
283686;Lluís Quílez
15976;Eytan Fox
592;Francis Ford Coppola
74084;Romesh Sharma
1651;François Truffaut
25428;Adam Goldberg
298584;Travis Zariwny
10758;Adrienne Shelly
11690;Newt Arnold
3083;Frank Capra
9344;Larry Clark
10707;Noah Baumbach
15647;Charles Herman-Wurmfeld
308529;John Stockwell
4174;Alfred Hitchcock
20156;Atom Egoyan
9464;Vincent Gallo
49018;James Wan
13820;Alex Cox
18079;Fabián Bielinsky
127918;Dror Moreh
17113;Rebecca Miller
129139;Maggie Carey
507;Roger Avary
4012;Henry Bean
14054;David Gordon Green
323271;Simeon Rice
10972;Brad Anderson
13066;Jeff Garlin
66025;Qasim Basir
11908;Adam Green
3082;Charlie Chaplin
39541;Pete Jones
1961;Bruce Campbell
51820;Mark Brown
291362;Adam Carolla
30082;Ira Sachs
72913;John Sayles
23963;Bruce McDonald
29406;James Mottern
104755;Rob Zombie
253306;Gerard Johnstone
29595;Robert Greenwald
46729;David Ray
294600;David Rodriguez
137347;Nae Caranfil
290370;David Winning
426469;Frank Lotito
356841;Timothy Woodward Jr.
301325;Tara Subkoff
347755;Russell Friedenberg
408;David Hand
44413;Lucrecia Martel
39209;Edward Dmytryk
48463;Zak Penn
394047;Alex Ranarivelo
312791;Jon Knautz
266034;Mathieu Amalric
280381;David Worth
2661;Leslie H. Martinson
100;Guy Ritchie
218500;Robert M. Young
309;Thomas Vinterberg
27845;Steve Buscemi
25784;Ham Tran
52790;Rich Cowan
100275;Boris Rodriguez
295914;Sadyk Sher-Niyaz
42033;Paul Donovan
19187;Jonathan Kesselman
46415;Arjun Sablok
38570;Craig Moss
27588;Tyler Oliver
223;Alfred Hitchcock
9725;Steve Miner
28580;Billy Wilder
23730;Douglas Cheek
84197;Michael D. Olmos
46256;Deryck Broom
19997;Henry Hathaway
43266;John Ford
278316;Spike Lee
1412;Steven Soderbergh
176;James Wan
39939;Jay Chandrasekhar
357834;Giovanni Zelko
215924;Claudia Sainte-Luce
480;Mira Nair
14295;Kenneth Lonergan
11219;Alfred Hitchcock
20770;Jamie Babbit
176124;David Boyd
500;Quentin Tarantino
60400;Walter Lang
429;Sergio Leone
310569;Anna Muylaert
98369;Steve Taylor
89750;Léa Pool
49951;James David Pasternak
86331;Laurent Bouhnik
355629;Tom Sanchez
16433;David Caffrey
15544;Adam Jay Epstein
43884;Michael Curtiz
107315;Justin Thomas Ostensen
13064;Rob Bowman
59917;Ossie Davis
157422;Jay Alaimo
310933;Dylan Bank
7553;Rob McKittrick
12877;Shane Meadows
39895;Jeff Burr
55616;Guy Maddin
29697;Regardt van den Bergh
50037;Panos Cosmatos
94329;Gareth Evans
53502;Matthew R. Anderson
202604;Joe Marino
289;Michael Curtiz
27374;Joel Anderson
26815;Shimit Amin
811;Douglas Trumbull
1366;John G. Avildsen
244776;Mona Lerche
5769;Tony Richardson
277685;Levan Gabriadze
103;Martin Scorsese
11298;Joe Dante
646;Terence Young
93856;Bradley Parker
9003;Clive Barker
347126;Harold Cronk
10092;Jeff Wadlow
10643;Takao Okawara
46705;Derek Cianfrance
546;Duncan Tucker
76487;William Brent Bell
5722;Russ Meyer
39833;Robert D. Webb
1781;Davis Guggenheim
18712;Allan Dwan
7944;Martin Scorsese
171424;Eli Roth
361475;Andrew Steggall
113947;Ben Lewin
18570;Robert Kenner
83860;Andrew Erwin
41469;Brad Anderson
244772;Craig Johnson
50837;Sean Durkin
248774;Gillian Robespierre
10183;Courtney Hunt
159014;Morgan Neville
32456;James Toback
49963;Nicole Holofcener
13508;Chris Paine
22597;Greg Berlanti
9707;Don Coscarelli
37532;Marc Levin
26791;Richard Dutcher
56666;Khalid Mohammed
8675;Trey Parker
13132;David Gordon Green
46989;Karen Moncrieff
192132;Gia Coppola
24424;Scandar Copti
13198;Goran Dukic
244267;Mike Cahill
21413;Kyle Rankin
123678;Joshua Oppenheimer
13362;Alex Gibney
39183;Paul Crowder
62402;Rohit Jagessar
206412;Griffin Dunne
201132;Anthony Powell
251471;Kief Davidson
112456;Johnny Remo
20296;Vivek Agnihotri
25983;Ti West
66195;Nick Tomnay
16155;John Hamburg
46727;Nickolas Perry
55180;Dan Zukovic
29015;Craig Mazin
91122;Becky Smith
18206;Eric Nicholas
320146;Benjamin Dickinson
13856;Hal Haberman
219716;Darren Stein
56491;Brian Trenchard-Smith
99826;Frank Whaley
186935;Amat Escalante
19344;Katherine Brooks
242083;David Cross
18869;Randall Rubin
26673;Robert Bennett
41830;Guy Hamilton
37694;Mary Pat Kelly
63287;Lori Petty
335874;Charlie Levi
34592;Kevin Hamedani
92635;David DeCoteau
258755;Mikel Rueda
96534;Stefan C. Schaefer
21283;Michael Taliferro
272724;David DeCoteau
84178;Katie Aselton
101179;Robert Heath
52462;D. Stevens
269057;Jeffrey St. Jules
287524;Robert Hall
206213;Kevin King
248402;Jonathan Meyers
29146;Ralph Nelson
207769;Blair Erickson
271185;Allison Burnett
29731;Richard Schenkman
292539;Sanjay Rawal
654;Elia Kazan
91070;Kat Coiro
2009;Cristian Mungiu
323270;Joseph Graham
2652;David Slade
9813;Jamie Babbit
60421;Maryam Keshavarz
157354;Ryan Coogler
127867;Ramaa Mosley
3170;David Hand
14014;Charles Herman-Wurmfeld
15708;C. Jay Cox
146882;Mariette Monpierre
215918;Tommy Oliver
84200;Jamie Travis
84184;Lee Toland Krieger
45767;Rich Christiano
14823;Paul Andrew Williams
367551;Nick Love
343409;Natalie Bible'
60243;Asghar Farhadi
57294;Justin Molotnikov
11446;Todd Solondz
47889;Victor Nunez
25461;Peter Sollett
905;G.W. Pabst
78705;Jorge Gaggero
25212;Rod Lurie
26899;Michael Burke
146269;Catherine Jelski
292483;Shane Dawson
14451;Tommy Wirkola
10105;Ryan Little
211557;Clark Baker
838;George Lucas
40862;Robert Greenwald
13158;Dave Willis
84332;Colin Trevorrow
74510;Tim Story
74725;Ben Wheatley
58428;Ti West
8416;Bernardo Bertolucci
36584;Neil Burger
13429;Olly Blackburn
9022;Jonathan Levine
22530;Christopher Hutson
288;Fred Zinnemann
14275;Steve James
2287;David LaChapelle
18734;Michael Cuesta
206197;Caryn Waechter
26837;Emily Dell
7859;Ryan Fleck
302579;Valerie Red-Horse
51955;Christopher Scott Cherot
376004;H.M. Coakley
158752;Randy Moore
40658;Chris Atkins
296943;Bill Benenson
118612;Ryan Smith
138976;Travis Romero
323967;Anna Mastro
3080;Mark Sandrich
2667;Daniel Myrick
9459;Michael Wadleigh
11598;John Landis
26916;Jon Gunn
181940;Gene Teigland
125263;Scott Ziehl
263503;Richard Montoya
324322;Johanna Schwartz
375950;Thomas Lilti
278348;Michael Walker
704;Richard Lester
70875;U. Roberto Romano
75986;Amy Holden Jones
385636;Bla¸ Zavr¨nik
14438;Alex Kendrick
211086;Pan Nalin
23069;Joe Camp
83;Chris Kentis
89857;Matt Walsh
30315;John 'Bud' Cardos
14358;Marilyn Agrelo
2056;Tom McCarthy
41144;Brian Baugh
35199;Patrick Creadon
14271;Barry W. Blaustein
16653;Kurt Hale
14757;Siddiq Barmak
84401;Joseph Dorman
23655;Greg Harrison
36825;Kurt Hale
33430;Michael Polish
12281;Jacob Aaron Estes
125052;Morgan J. Freeman
96238;Eric Schaeffer
30246;Neema Barnette
7301;Steve Buscemi
172533;Joe Swanberg
180383;Molly Bernstein
346;Akira Kurosawa
84318;Marius Markevicius
45145;Tom DiCillo
13983;Justin Lin
45649;Quentin Dupieux
19844;C. Jay Cox
21801;Alex Smith
43933;Gareth Edwards
73511;Jonathan Parker
43653;Sol Tryon
139715;Alex Craig Mann
45380;Ning Hao
30867;Stephen Kijak
81220;Marc Forster
253626;Andrew Niccol
294550;William Gazecki
90369;Ol Parker
117942;Michael Hoffman Jr.
322194;Georgia Hilton
98568;Jack Heller
119657;Fernando Baez Mella
380733;Warren Sheppard
285743;Darren Lynn Bousman
362765;Justin Paul Miller
379532;Joel Paul Reisig
253261;Catherine Gund
15239;Lloyd Kaufman
94072;Matty Rich
4107;Paul Greengrass
15624;Hans Canosa
17287;Lloyd Kaufman
198370;Matthew Watts
3062;Lloyd Bacon
15389;Whit Stillman
464;Kay Pollak
308467;Eric England
8193;Jared Hess
188166;Jeremy Saulnier
23827;Oren Peli
1282;Stacy Peralta
762;Terry Gilliam
64499;Richard Glatzer
281189;Sue Corcoran
1435;Jonathan Caouette
189711;Matt Jackson
19204;Lucio Fulci
9029;Tom Vaughan
18045;Paul Fox
11240;Stephen Frears
157909;Cassandra Nicolaou
10238;Ingmar Bergman
3059;D.W. Griffith
15800;Roger Nygard
65203;Harry Beaumont
764;Sam Raimi
103620;Franck Khalfoun
319069;Mor Loushy
14278;Henry Alex Rubin
25678;Sam Firstenberg
79161;Doug Block
371690;Chad Kapper
389;Sidney Lumet
52032;Paul Fierlinger
3078;Frank Capra
38810;Yorgos Lanthimos
21525;Lauren Lazin
55123;Gavin O'Connor
11980;Gregory Widen
11956;Cédric Klapisch
1550;Peter Hedges
162396;Niall Johnson
26518;Kelly Reichardt
8942;Kelly Reichardt
68412;Eric Mendelsohn
2786;Jean-Luc Godard
87943;Kim Longinotto
73981;Pan Nalin
91721;Michael Roemer
118452;Jesse Peretz
47534;Eddie O'Flaherty
40914;Babar Ahmed
365052;John D. Hancock
13282;Paul Bartel
250184;Jason Marsden
426067;Pece Dingo
324352;Jerome Elston Scott
318040;Étienne Faure
27420;Herb Freed
80468;Jack Perez
84188;Craig Zobel
2255;Kevin Smith
50035;Nicole Holofcener
14290;Justin Lin
29371;Maria Maggenti
44490;Miguel Arteta
32222;Piyush Dinker Pandya
431;Vincenzo Natali
76996;Emma-Kate Croghan
51942;Bill Plympton
1424;Greg Harrison
60420;Drake Doremus
142132;Allison Anders
20520;Michael Kang
109729;Paul Schrader
78307;Lori Silverbush
12247;Jeff Nichols
29917;Stuart Hazeldine
70687;Hilary Brougher
60463;Rachel Goldenberg
46252;Corbin Bernsen
24869;Jamin Winans
77934;Tom Seidman 
34697;Matt Cimber
150211;Andrew Hyatt
306667;Joel Paul Reisig
274758;Kristin Rizzo
3060;King Vidor
173224;Zoran Lisinac
18533;Nicolas Winding Refn
376010;James O'Brien
139948;Tom Putnam
77332;Jon Matthews
70478;Al Silliman Jr.
35073;Eugène Lourié
9659;George Miller
10218;Doug Liman
391;Sergio Leone
43595;Lowell Sherman
54897;David Evans 
83588;Ava DuVernay
53256;Tom Tykwer
40920;Sherman Alexie
287815;Justin Dillon
54702;Stevan Mena
176074;Adam Rifkin
69270;Eric Valette
5759;Jay Duplass
402515;Livingston Oden
126141;Chris Marker
48035;Carl Theodor Dreyer
14758;Marianna Palka
13363;Richard Schenkman
37985;Ricki Stern
25786;Nadia Tass
36549;James Kerwin
361398;Darren Press
289180;Rania Attieh
288927;Sharon Greytak
21334;Majid Majidi
79120;Andrew Haigh
27995;Spike Lee
253290;Cary Bell
344466;Nicolae Constantin Tanase
55420;Mike Cahill
5822;Melvin Van Peebles
408429;Ken Roht
39141;Gary Winick
5723;John Carney
28666;Robinson Devor
30979;Michel O. Scott
50497;Pat Holden
354624;Eric Bugbee
13187;Bill Melendez
335244;Dena Seidel
178862;Deborah Anderson
331745;Sara Newens
1779;Michael Moore
282128;Sai Varadan
86812;Zal Batmanglij
84355;Lynn Shelton
18632;David Hewlett
40652;Jean-Luc Godard
339408;Nate Parker
266857;Nathan Smith Jones
18925;Alex Kendrick
299245;Travis Cluff
985;David Lynch
34101;Robert Townsend
9821;Peter Chelsom
65448;Jamaa Fanaka
18841;Larry Blamire
272726;Stephen Langford
175291;E.L. Katz
80215;Lisanne Pajot
13538;Dan Reed
51130;John Reinhardt
270554;Patrick Ryan Sims
72086;László Benedek
268917;Jason Miller
64973;Sut Jhally
473;Darren Aronofsky
90414;Julie Davis
111794;Myles Berkowitz
360188;Brett Piper
9372;Morgan Spurlock
85860;Brandon Trost
244534;Joe Swanberg
33468;Joseph Green
294086;Wade Gasque
139998;Daniel Schechter
74777;Mike Flanagan
16388;Edward Burns
159770;Matt Johnson
42109;Bruno Barreto
47607;Lena Dunham
193603;Terron R. Parsons
84659;Daniel Mellitz
322745;Jem Cohen
20981;Andrew Leman
174362;Dave Carroll
242095;William Eubank
250902;Patrick Meaney
158895;Chad Hartigan
222250;Malcolm Goodwin
18292;David Gordon Green
125537;Kevin Jordan
326576;Kirk Loudon
228550;Travis Legge
13963;Martin Scorsese
290391;Collin Joseph Neal
44770;Bradley Rust Gray
69382;Mike Bruce
40769;Andrew Bujalski
220490;Damir Catic
42151;Ben Wheatley
2292;Kevin Smith
42497;James Bidgood
33693;Andrew Bujalski
14585;Neil LaBute
185465;Eric Eason
38780;Uwe Boll
14022;Richard Linklater
366967;Joseph Mazzella
255266;Travis Legge
17345;Alex Kendrick
226458;Marcus Nispel
24055;Jay Duplass
287625;Jim Chuchu
44990;Daryl Wein
86304;Jason Trost
692;John Waters
39851;Olivier Assayas
13898;Jafar Panahi
157185;Ivan Kavanagh
36095;Kiyoshi Kurosawa
182291;Tadeo Garcia
286939;Thomas L. Phillips
124606;Ash Baron-Cohen
14337;Shane Carruth
67238;Neill Dela Llana
9367;Robert Rodriguez
72766;Edward Burns
231617;Scott Smith
126186;Daniel Hsia
25975;Brian Herzlinger
